小林星蘭,https://dic.nicovideo.jp/a/%E5%B0%8F%E6%9E%97%E6%98%9F%E8%98%AD
進藤あまね,https://dic.nicovideo.jp/a/%E9%80%B2%E8%97%A4%E3%81%82%E3%81%BE%E3%81%AD
鈴木杏奈,https://dic.nicovideo.jp/a/%E9%88%B4%E6%9C%A8%E6%9D%8F%E5%A5%88
菱川花菜,https://dic.nicovideo.jp/a/%E8%8F%B1%E5%B7%9D%E8%8A%B1%E8%8F%9C
ペイトン尚未,https://dic.nicovideo.jp/a/%E3%83%9A%E3%82%A4%E3%83%88%E3%83%B3%E5%B0%9A%E6%9C%AA
須藤菜々子,https://dic.nicovideo.jp/a/%E9%A0%88%E8%97%A4%E8%8F%9C%E3%80%85%E5%AD%90
高尾奏音,https://dic.nicovideo.jp/a/%E9%AB%98%E5%B0%BE%E5%A5%8F%E9%9F%B3
伊達さゆり,https://dic.nicovideo.jp/a/%E4%BC%8A%E9%81%94%E3%81%95%E3%82%86%E3%82%8A
林鼓子,https://dic.nicovideo.jp/a/%E6%9E%97%E9%BC%93%E5%AD%90
菅まどか,https://dic.nicovideo.jp/a/%E8%8F%85%E3%81%BE%E3%81%A9%E3%81%8B
引退,https://dic.nicovideo.jp/a/%E5%BC%95%E9%80%80
二ノ宮ゆい,https://dic.nicovideo.jp/a/%E4%BA%8C%E3%83%8E%E5%AE%AE%E3%82%86%E3%81%84
花谷麻妃,https://dic.nicovideo.jp/a/%E8%8A%B1%E8%B0%B7%E9%BA%BB%E5%A6%83
松浦愛弓,https://dic.nicovideo.jp/a/%E6%9D%BE%E6%B5%A6%E6%84%9B%E5%BC%93
関根瞳,https://dic.nicovideo.jp/a/%E9%96%A2%E6%A0%B9%E7%9E%B3
春名風花,https://dic.nicovideo.jp/a/%E6%98%A5%E5%90%8D%E9%A2%A8%E8%8A%B1
広瀬世華,https://dic.nicovideo.jp/a/%E5%BA%83%E7%80%AC%E4%B8%96%E8%8F%AF
松岡美里,https://dic.nicovideo.jp/a/%E6%9D%BE%E5%B2%A1%E7%BE%8E%E9%87%8C
会沢紗弥,https://dic.nicovideo.jp/a/%E4%BC%9A%E6%B2%A2%E7%B4%97%E5%BC%A5
楠木ともり,https://dic.nicovideo.jp/a/%E6%A5%A0%E6%9C%A8%E3%81%A8%E3%82%82%E3%82%8A
小出ひかる,https://dic.nicovideo.jp/a/%E5%B0%8F%E5%87%BA%E3%81%B2%E3%81%8B%E3%82%8B
桜木夕,https://dic.nicovideo.jp/a/%E6%A1%9C%E6%9C%A8%E5%A4%95
富田美憂,https://dic.nicovideo.jp/a/%E5%AF%8C%E7%94%B0%E7%BE%8E%E6%86%82
早瀬雪未,https://dic.nicovideo.jp/a/%E6%97%A9%E7%80%AC%E9%9B%AA%E6%9C%AA
星希成奏,https://dic.nicovideo.jp/a/%E6%98%9F%E5%B8%8C%E6%88%90%E5%A5%8F
諸星すみれ,https://dic.nicovideo.jp/a/%E8%AB%B8%E6%98%9F%E3%81%99%E3%81%BF%E3%82%8C
熊田茜音,https://dic.nicovideo.jp/a/%E7%86%8A%E7%94%B0%E8%8C%9C%E9%9F%B3
水野亜美（声優）,https://dic.nicovideo.jp/a/%E6%B0%B4%E9%87%8E%E4%BA%9C%E7%BE%8E%EF%BC%88%E5%A3%B0%E5%84%AA%EF%BC%89
青山なぎさ,https://dic.nicovideo.jp/a/%E9%9D%92%E5%B1%B1%E3%81%AA%E3%81%8E%E3%81%95
石見舞菜香,https://dic.nicovideo.jp/a/%E7%9F%B3%E8%A6%8B%E8%88%9E%E8%8F%9C%E9%A6%99
岡咲美保,https://dic.nicovideo.jp/a/%E5%B2%A1%E5%92%B2%E7%BE%8E%E4%BF%9D
近藤玲奈,https://dic.nicovideo.jp/a/%E8%BF%91%E8%97%A4%E7%8E%B2%E5%A5%88
河野ひより,https://dic.nicovideo.jp/a/%E6%B2%B3%E9%87%8E%E3%81%B2%E3%82%88%E3%82%8A
指出毬亜,https://dic.nicovideo.jp/a/%E6%8C%87%E5%87%BA%E6%AF%AC%E4%BA%9C
佐藤日向,https://dic.nicovideo.jp/a/%E4%BD%90%E8%97%A4%E6%97%A5%E5%90%91
涼本あきほ,https://dic.nicovideo.jp/a/%E6%B6%BC%E6%9C%AC%E3%81%82%E3%81%8D%E3%81%BB
高橋菜々美,https://dic.nicovideo.jp/a/%E9%AB%98%E6%A9%8B%E8%8F%9C%E3%80%85%E7%BE%8E
田中有紀,https://dic.nicovideo.jp/a/%E7%94%B0%E4%B8%AD%E6%9C%89%E7%B4%80
福原遥,https://dic.nicovideo.jp/a/%E7%A6%8F%E5%8E%9F%E9%81%A5
八木ましろ,https://dic.nicovideo.jp/a/%E5%85%AB%E6%9C%A8%E3%81%BE%E3%81%97%E3%82%8D
幸村恵理,https://dic.nicovideo.jp/a/%E5%B9%B8%E6%9D%91%E6%81%B5%E7%90%86
吉武千颯,https://dic.nicovideo.jp/a/%E5%90%89%E6%AD%A6%E5%8D%83%E9%A2%AF
厚木那奈美,https://dic.nicovideo.jp/a/%E5%8E%9A%E6%9C%A8%E9%82%A3%E5%A5%88%E7%BE%8E
石飛恵里花,https://dic.nicovideo.jp/a/%E7%9F%B3%E9%A3%9B%E6%81%B5%E9%87%8C%E8%8A%B1
井上ほの花,https://dic.nicovideo.jp/a/%E4%BA%95%E4%B8%8A%E3%81%BB%E3%81%AE%E8%8A%B1
大西亜玖璃,https://dic.nicovideo.jp/a/%E5%A4%A7%E8%A5%BF%E4%BA%9C%E7%8E%96%E7%92%83
上白石萌音,https://dic.nicovideo.jp/a/%E4%B8%8A%E7%99%BD%E7%9F%B3%E8%90%8C%E9%9F%B3
希水しお,https://dic.nicovideo.jp/a/%E5%B8%8C%E6%B0%B4%E3%81%97%E3%81%8A
木戸衣吹,https://dic.nicovideo.jp/a/%E6%9C%A8%E6%88%B8%E8%A1%A3%E5%90%B9
倉知玲鳳,https://dic.nicovideo.jp/a/%E5%80%89%E7%9F%A5%E7%8E%B2%E9%B3%B3
佐々木李子,https://dic.nicovideo.jp/a/%E4%BD%90%E3%80%85%E6%9C%A8%E6%9D%8E%E5%AD%90
鈴代紗弓,https://dic.nicovideo.jp/a/%E9%88%B4%E4%BB%A3%E7%B4%97%E5%BC%93
鈴木みのり,https://dic.nicovideo.jp/a/%E9%88%B4%E6%9C%A8%E3%81%BF%E3%81%AE%E3%82%8A
田辺留依,https://dic.nicovideo.jp/a/%E7%94%B0%E8%BE%BA%E7%95%99%E4%BE%9D
土屋李央,https://dic.nicovideo.jp/a/%E5%9C%9F%E5%B1%8B%E6%9D%8E%E5%A4%AE
中島由貴,https://dic.nicovideo.jp/a/%E4%B8%AD%E5%B3%B6%E7%94%B1%E8%B2%B4
新田ひより,https://dic.nicovideo.jp/a/%E6%96%B0%E7%94%B0%E3%81%B2%E3%82%88%E3%82%8A
根本流風,https://dic.nicovideo.jp/a/%E6%A0%B9%E6%9C%AC%E6%B5%81%E9%A2%A8
花井美春,https://dic.nicovideo.jp/a/%E8%8A%B1%E4%BA%95%E7%BE%8E%E6%98%A5
花守ゆみり,https://dic.nicovideo.jp/a/%E8%8A%B1%E5%AE%88%E3%82%86%E3%81%BF%E3%82%8A
原田彩楓,https://dic.nicovideo.jp/a/%E5%8E%9F%E7%94%B0%E5%BD%A9%E6%A5%93
前島亜美,https://dic.nicovideo.jp/a/%E5%89%8D%E5%B3%B6%E4%BA%9C%E7%BE%8E
峯田茉優,https://dic.nicovideo.jp/a/%E5%B3%AF%E7%94%B0%E8%8C%89%E5%84%AA
嶺内ともみ,https://dic.nicovideo.jp/a/%E5%B6%BA%E5%86%85%E3%81%A8%E3%82%82%E3%81%BF
武藤志織,https://dic.nicovideo.jp/a/%E6%AD%A6%E8%97%A4%E5%BF%97%E7%B9%94
山口愛,https://dic.nicovideo.jp/a/%E5%B1%B1%E5%8F%A3%E6%84%9B
山崎エリイ,https://dic.nicovideo.jp/a/%E5%B1%B1%E5%B4%8E%E3%82%A8%E3%83%AA%E3%82%A4
若山詩音,https://dic.nicovideo.jp/a/%E8%8B%A5%E5%B1%B1%E8%A9%A9%E9%9F%B3
青山吉能,https://dic.nicovideo.jp/a/%E9%9D%92%E5%B1%B1%E5%90%89%E8%83%BD
天海由梨奈,https://dic.nicovideo.jp/a/%E5%A4%A9%E6%B5%B7%E7%94%B1%E6%A2%A8%E5%A5%88
市ノ瀬加那,https://dic.nicovideo.jp/a/%E5%B8%82%E3%83%8E%E7%80%AC%E5%8A%A0%E9%82%A3
伊藤彩沙,https://dic.nicovideo.jp/a/%E4%BC%8A%E8%97%A4%E5%BD%A9%E6%B2%99
伊藤美来,https://dic.nicovideo.jp/a/%E4%BC%8A%E8%97%A4%E7%BE%8E%E6%9D%A5
植田ひかる,https://dic.nicovideo.jp/a/%E6%A4%8D%E7%94%B0%E3%81%B2%E3%81%8B%E3%82%8B
内田秀,https://dic.nicovideo.jp/a/%E5%86%85%E7%94%B0%E7%A7%80
木野日菜,https://dic.nicovideo.jp/a/%E6%9C%A8%E9%87%8E%E6%97%A5%E8%8F%9C
木野双葉,https://dic.nicovideo.jp/a/%E6%9C%A8%E9%87%8E%E5%8F%8C%E8%91%89
黒沢ともよ,https://dic.nicovideo.jp/a/%E9%BB%92%E6%B2%A2%E3%81%A8%E3%82%82%E3%82%88
斉藤朱夏,https://dic.nicovideo.jp/a/%E6%96%89%E8%97%A4%E6%9C%B1%E5%A4%8F
鈴木このみ,https://dic.nicovideo.jp/a/%E9%88%B4%E6%9C%A8%E3%81%93%E3%81%AE%E3%81%BF
高木美佑,https://dic.nicovideo.jp/a/%E9%AB%98%E6%9C%A8%E7%BE%8E%E4%BD%91
田村響華,https://dic.nicovideo.jp/a/%E7%94%B0%E6%9D%91%E9%9F%BF%E8%8F%AF
紡木吏佐,https://dic.nicovideo.jp/a/%E7%B4%A1%E6%9C%A8%E5%90%8F%E4%BD%90
夏川椎菜,https://dic.nicovideo.jp/a/%E5%A4%8F%E5%B7%9D%E6%A4%8E%E8%8F%9C
稗田寧々,https://dic.nicovideo.jp/a/%E7%A8%97%E7%94%B0%E5%AF%A7%E3%80%85
法元明菜,https://dic.nicovideo.jp/a/%E6%B3%95%E5%85%83%E6%98%8E%E8%8F%9C
前田佳織里,https://dic.nicovideo.jp/a/%E5%89%8D%E7%94%B0%E4%BD%B3%E7%B9%94%E9%87%8C
牧野天音,https://dic.nicovideo.jp/a/%E7%89%A7%E9%87%8E%E5%A4%A9%E9%9F%B3
美坂朱音,https://dic.nicovideo.jp/a/%E7%BE%8E%E5%9D%82%E6%9C%B1%E9%9F%B3
美山加恋,https://dic.nicovideo.jp/a/%E7%BE%8E%E5%B1%B1%E5%8A%A0%E6%81%8B
宮本侑芽,https://dic.nicovideo.jp/a/%E5%AE%AE%E6%9C%AC%E4%BE%91%E8%8A%BD
森嶋優花,https://dic.nicovideo.jp/a/%E6%A3%AE%E5%B6%8B%E5%84%AA%E8%8A%B1
柳原かなこ,https://dic.nicovideo.jp/a/%E6%9F%B3%E5%8E%9F%E3%81%8B%E3%81%AA%E3%81%93
矢野妃菜喜,https://dic.nicovideo.jp/a/%E7%9F%A2%E9%87%8E%E5%A6%83%E8%8F%9C%E5%96%9C
愛原ありさ,https://dic.nicovideo.jp/a/%E6%84%9B%E5%8E%9F%E3%81%82%E3%82%8A%E3%81%95
逢葉まどか,https://dic.nicovideo.jp/a/%E9%80%A2%E8%91%89%E3%81%BE%E3%81%A9%E3%81%8B
赤尾ひかる,https://dic.nicovideo.jp/a/%E8%B5%A4%E5%B0%BE%E3%81%B2%E3%81%8B%E3%82%8B
安齋由香里,https://dic.nicovideo.jp/a/%E5%AE%89%E9%BD%8B%E7%94%B1%E9%A6%99%E9%87%8C
伊波杏樹,https://dic.nicovideo.jp/a/%E4%BC%8A%E6%B3%A2%E6%9D%8F%E6%A8%B9
岩田陽葵,https://dic.nicovideo.jp/a/%E5%B2%A9%E7%94%B0%E9%99%BD%E8%91%B5
大塚紗英,https://dic.nicovideo.jp/a/%E5%A4%A7%E5%A1%9A%E7%B4%97%E8%8B%B1
荻野可鈴,https://dic.nicovideo.jp/a/%E8%8D%BB%E9%87%8E%E5%8F%AF%E9%88%B4
小倉唯,https://dic.nicovideo.jp/a/%E5%B0%8F%E5%80%89%E5%94%AF
春日望,https://dic.nicovideo.jp/a/%E6%98%A5%E6%97%A5%E6%9C%9B
川井田夏海,https://dic.nicovideo.jp/a/%E5%B7%9D%E4%BA%95%E7%94%B0%E5%A4%8F%E6%B5%B7
河瀬茉希,https://dic.nicovideo.jp/a/%E6%B2%B3%E7%80%AC%E8%8C%89%E5%B8%8C
黒木ほの香,https://dic.nicovideo.jp/a/%E9%BB%92%E6%9C%A8%E3%81%BB%E3%81%AE%E9%A6%99
小泉萌香,https://dic.nicovideo.jp/a/%E5%B0%8F%E6%B3%89%E8%90%8C%E9%A6%99
小坂井祐莉絵,https://dic.nicovideo.jp/a/%E5%B0%8F%E5%9D%82%E4%BA%95%E7%A5%90%E8%8E%89%E7%B5%B5
小林美晴,https://dic.nicovideo.jp/a/%E5%B0%8F%E6%9E%97%E7%BE%8E%E6%99%B4
相良茉優,https://dic.nicovideo.jp/a/%E7%9B%B8%E8%89%AF%E8%8C%89%E5%84%AA
白石晴香,https://dic.nicovideo.jp/a/%E7%99%BD%E7%9F%B3%E6%99%B4%E9%A6%99
直田姫奈,https://dic.nicovideo.jp/a/%E7%9B%B4%E7%94%B0%E5%A7%AB%E5%A5%88
鈴木愛奈,https://dic.nicovideo.jp/a/%E9%88%B4%E6%9C%A8%E6%84%9B%E5%A5%88
千本木彩花,https://dic.nicovideo.jp/a/%E5%8D%83%E6%9C%AC%E6%9C%A8%E5%BD%A9%E8%8A%B1
曽我部英理,https://dic.nicovideo.jp/a/%E6%9B%BD%E6%88%91%E9%83%A8%E8%8B%B1%E7%90%86
橘えみり,https://dic.nicovideo.jp/a/%E6%A9%98%E3%81%88%E3%81%BF%E3%82%8A
田中美海,https://dic.nicovideo.jp/a/%E7%94%B0%E4%B8%AD%E7%BE%8E%E6%B5%B7
千春,https://dic.nicovideo.jp/id/5634711
遠野ひかる,https://dic.nicovideo.jp/a/%E9%81%A0%E9%87%8E%E3%81%B2%E3%81%8B%E3%82%8B
巴奎依,https://dic.nicovideo.jp/a/%E5%B7%B4%E5%A5%8E%E4%BE%9D
長縄まりあ,https://dic.nicovideo.jp/a/%E9%95%B7%E7%B8%84%E3%81%BE%E3%82%8A%E3%81%82
成海瑠奈,https://dic.nicovideo.jp/a/%E6%88%90%E6%B5%B7%E7%91%A0%E5%A5%88
引退,https://dic.nicovideo.jp/a/%E5%BC%95%E9%80%80
深川芹亜,https://dic.nicovideo.jp/a/%E6%B7%B1%E5%B7%9D%E8%8A%B9%E4%BA%9C
本渡楓,https://dic.nicovideo.jp/a/%E6%9C%AC%E6%B8%A1%E6%A5%93
丸岡和佳奈,https://dic.nicovideo.jp/a/%E4%B8%B8%E5%B2%A1%E5%92%8C%E4%BD%B3%E5%A5%88
水瀬いのり,https://dic.nicovideo.jp/a/%E6%B0%B4%E7%80%AC%E3%81%84%E3%81%AE%E3%82%8A
村上奈津実,https://dic.nicovideo.jp/a/%E6%9D%91%E4%B8%8A%E5%A5%88%E6%B4%A5%E5%AE%9F
山下七海,https://dic.nicovideo.jp/a/%E5%B1%B1%E4%B8%8B%E4%B8%83%E6%B5%B7
結名美月,https://dic.nicovideo.jp/a/%E7%B5%90%E5%90%8D%E7%BE%8E%E6%9C%88
吉岡茉祐,https://dic.nicovideo.jp/a/%E5%90%89%E5%B2%A1%E8%8C%89%E7%A5%90
若井友希,https://dic.nicovideo.jp/a/%E8%8B%A5%E4%BA%95%E5%8F%8B%E5%B8%8C
和田京子,https://dic.nicovideo.jp/a/%E5%92%8C%E7%94%B0%E4%BA%AC%E5%AD%90
茜屋日海夏,https://dic.nicovideo.jp/a/%E8%8C%9C%E5%B1%8B%E6%97%A5%E6%B5%B7%E5%A4%8F
麻倉もも,https://dic.nicovideo.jp/a/%E9%BA%BB%E5%80%89%E3%82%82%E3%82%82
井澤美香子,https://dic.nicovideo.jp/a/%E4%BA%95%E6%BE%A4%E7%BE%8E%E9%A6%99%E5%AD%90
礒部花凜,https://dic.nicovideo.jp/a/%E7%A4%92%E9%83%A8%E8%8A%B1%E5%87%9C
伊藤沙莉,https://dic.nicovideo.jp/a/%E4%BC%8A%E8%97%A4%E6%B2%99%E8%8E%89
遠藤ゆりか,https://dic.nicovideo.jp/a/%E9%81%A0%E8%97%A4%E3%82%86%E3%82%8A%E3%81%8B
引退,https://dic.nicovideo.jp/a/%E5%BC%95%E9%80%80
大橋彩香,https://dic.nicovideo.jp/a/%E5%A4%A7%E6%A9%8B%E5%BD%A9%E9%A6%99
大森日雅,https://dic.nicovideo.jp/a/%E5%A4%A7%E6%A3%AE%E6%97%A5%E9%9B%85
鬼頭明里,https://dic.nicovideo.jp/a/%E9%AC%BC%E9%A0%AD%E6%98%8E%E9%87%8C
久保田未夢,https://dic.nicovideo.jp/a/%E4%B9%85%E4%BF%9D%E7%94%B0%E6%9C%AA%E5%A4%A2
佐伯伊織,https://dic.nicovideo.jp/a/%E4%BD%90%E4%BC%AF%E4%BC%8A%E7%B9%94
篠田みなみ,https://dic.nicovideo.jp/a/%E7%AF%A0%E7%94%B0%E3%81%BF%E3%81%AA%E3%81%BF
島袋美由利,https://dic.nicovideo.jp/a/%E5%B3%B6%E8%A2%8B%E7%BE%8E%E7%94%B1%E5%88%A9
菅谷梨沙子,https://dic.nicovideo.jp/a/%E8%8F%85%E8%B0%B7%E6%A2%A8%E6%B2%99%E5%AD%90
諏訪ななか,https://dic.nicovideo.jp/a/%E8%AB%8F%E8%A8%AA%E3%81%AA%E3%81%AA%E3%81%8B
芹澤優,https://dic.nicovideo.jp/a/%E8%8A%B9%E6%BE%A4%E5%84%AA
大地葉,https://dic.nicovideo.jp/a/%E5%A4%A7%E5%9C%B0%E8%91%89
高橋花林,https://dic.nicovideo.jp/a/%E9%AB%98%E6%A9%8B%E8%8A%B1%E6%9E%97
高柳知葉,https://dic.nicovideo.jp/a/%E9%AB%98%E6%9F%B3%E7%9F%A5%E8%91%89
田中ちえ美,https://dic.nicovideo.jp/a/%E7%94%B0%E4%B8%AD%E3%81%A1%E3%81%88%E7%BE%8E
谷尻まりあ,https://dic.nicovideo.jp/a/%E8%B0%B7%E5%B0%BB%E3%81%BE%E3%82%8A%E3%81%82
豊田萌絵,https://dic.nicovideo.jp/a/%E8%B1%8A%E7%94%B0%E8%90%8C%E7%B5%B5
七瀬彩夏,https://dic.nicovideo.jp/a/%E4%B8%83%E7%80%AC%E5%BD%A9%E5%A4%8F
西本りみ,https://dic.nicovideo.jp/a/%E8%A5%BF%E6%9C%AC%E3%82%8A%E3%81%BF
春瀬なつみ,https://dic.nicovideo.jp/a/%E6%98%A5%E7%80%AC%E3%81%AA%E3%81%A4%E3%81%BF
春野杏,https://dic.nicovideo.jp/a/%E6%98%A5%E9%87%8E%E6%9D%8F
日高里菜,https://dic.nicovideo.jp/a/%E6%97%A5%E9%AB%98%E9%87%8C%E8%8F%9C
福緒唯,https://dic.nicovideo.jp/a/%E7%A6%8F%E7%B7%92%E5%94%AF
藤原夏海,https://dic.nicovideo.jp/a/%E8%97%A4%E5%8E%9F%E5%A4%8F%E6%B5%B7
船戸ゆり絵,https://dic.nicovideo.jp/a/%E8%88%B9%E6%88%B8%E3%82%86%E3%82%8A%E7%B5%B5
堀野紗也加,https://dic.nicovideo.jp/a/%E5%A0%80%E9%87%8E%E7%B4%97%E4%B9%9F%E5%8A%A0
南早紀,https://dic.nicovideo.jp/a/%E5%8D%97%E6%97%A9%E7%B4%80
宮崎珠子,https://dic.nicovideo.jp/a/%E5%AE%AE%E5%B4%8E%E7%8F%A0%E5%AD%90
山田麻莉奈,https://dic.nicovideo.jp/a/%E5%B1%B1%E7%94%B0%E9%BA%BB%E8%8E%89%E5%A5%88
和氣あず未,https://dic.nicovideo.jp/a/%E5%92%8C%E6%B0%A3%E3%81%82%E3%81%9A%E6%9C%AA
和久井優,https://dic.nicovideo.jp/a/%E5%92%8C%E4%B9%85%E4%BA%95%E5%84%AA
朝日奈丸佳,https://dic.nicovideo.jp/a/%E6%9C%9D%E6%97%A5%E5%A5%88%E4%B8%B8%E4%BD%B3
雨宮天,https://dic.nicovideo.jp/a/%E9%9B%A8%E5%AE%AE%E5%A4%A9
新井美羽,https://dic.nicovideo.jp/a/%E6%96%B0%E4%BA%95%E7%BE%8E%E7%BE%BD
石田晴香,https://dic.nicovideo.jp/a/%E7%9F%B3%E7%94%B0%E6%99%B4%E9%A6%99
石原夏織,https://dic.nicovideo.jp/a/%E7%9F%B3%E5%8E%9F%E5%A4%8F%E7%B9%94
稲川英里,https://dic.nicovideo.jp/a/%E7%A8%B2%E5%B7%9D%E8%8B%B1%E9%87%8C
今村彩夏,https://dic.nicovideo.jp/a/%E4%BB%8A%E6%9D%91%E5%BD%A9%E5%A4%8F
引退,https://dic.nicovideo.jp/a/%E5%BC%95%E9%80%80
上田麗奈,https://dic.nicovideo.jp/a/%E4%B8%8A%E7%94%B0%E9%BA%97%E5%A5%88
江口菜子,https://dic.nicovideo.jp/a/%E6%B1%9F%E5%8F%A3%E8%8F%9C%E5%AD%90
大下菜摘,https://dic.nicovideo.jp/a/%E5%A4%A7%E4%B8%8B%E8%8F%9C%E6%91%98
大坪由佳,https://dic.nicovideo.jp/a/%E5%A4%A7%E5%9D%AA%E7%94%B1%E4%BD%B3
大野柚布子,https://dic.nicovideo.jp/a/%E5%A4%A7%E9%87%8E%E6%9F%9A%E5%B8%83%E5%AD%90
小川真奈,https://dic.nicovideo.jp/a/%E5%B0%8F%E5%B7%9D%E7%9C%9F%E5%A5%88
尾崎由香,https://dic.nicovideo.jp/a/%E5%B0%BE%E5%B4%8E%E7%94%B1%E9%A6%99
影山灯,https://dic.nicovideo.jp/a/%E5%BD%B1%E5%B1%B1%E7%81%AF
北原沙弥香,https://dic.nicovideo.jp/a/%E5%8C%97%E5%8E%9F%E6%B2%99%E5%BC%A5%E9%A6%99
高野麻里佳,https://dic.nicovideo.jp/a/%E9%AB%98%E9%87%8E%E9%BA%BB%E9%87%8C%E4%BD%B3
古賀葵,https://dic.nicovideo.jp/a/%E5%8F%A4%E8%B3%80%E8%91%B5
小林愛香,https://dic.nicovideo.jp/a/%E5%B0%8F%E6%9E%97%E6%84%9B%E9%A6%99
小宮有紗,https://dic.nicovideo.jp/a/%E5%B0%8F%E5%AE%AE%E6%9C%89%E7%B4%97
佐倉綾音,https://dic.nicovideo.jp/a/%E4%BD%90%E5%80%89%E7%B6%BE%E9%9F%B3
澁谷梓希,https://dic.nicovideo.jp/a/%E6%BE%81%E8%B0%B7%E6%A2%93%E5%B8%8C
下地紫野,https://dic.nicovideo.jp/a/%E4%B8%8B%E5%9C%B0%E7%B4%AB%E9%87%8E
瀬戸麻沙美,https://dic.nicovideo.jp/a/%E7%80%AC%E6%88%B8%E9%BA%BB%E6%B2%99%E7%BE%8E
高槻かなこ,https://dic.nicovideo.jp/a/%E9%AB%98%E6%A7%BB%E3%81%8B%E3%81%AA%E3%81%93
高橋李依,https://dic.nicovideo.jp/a/%E9%AB%98%E6%A9%8B%E6%9D%8E%E4%BE%9D
田所あずさ,https://dic.nicovideo.jp/a/%E7%94%B0%E6%89%80%E3%81%82%E3%81%9A%E3%81%95
西尾夕香,https://dic.nicovideo.jp/a/%E8%A5%BF%E5%B0%BE%E5%A4%95%E9%A6%99
春野ななみ,https://dic.nicovideo.jp/a/%E6%98%A5%E9%87%8E%E3%81%AA%E3%81%AA%E3%81%BF
ファイルーズあい,https://dic.nicovideo.jp/a/%E3%83%95%E3%82%A1%E3%82%A4%E3%83%AB%E3%83%BC%E3%82%BA%E3%81%82%E3%81%84
降幡愛,https://dic.nicovideo.jp/a/%E9%99%8D%E5%B9%A1%E6%84%9B
松田颯水,https://dic.nicovideo.jp/a/%E6%9D%BE%E7%94%B0%E9%A2%AF%E6%B0%B4
松田利冴,https://dic.nicovideo.jp/a/%E6%9D%BE%E7%94%B0%E5%88%A9%E5%86%B4
山田唯菜,https://dic.nicovideo.jp/a/%E5%B1%B1%E7%94%B0%E5%94%AF%E8%8F%9C
ルゥティン,https://dic.nicovideo.jp/a/%E3%83%AB%E3%82%A5%E3%83%86%E3%82%A3%E3%83%B3
逢田梨香子,https://dic.nicovideo.jp/a/%E9%80%A2%E7%94%B0%E6%A2%A8%E9%A6%99%E5%AD%90
朝井彩加,https://dic.nicovideo.jp/a/%E6%9C%9D%E4%BA%95%E5%BD%A9%E5%8A%A0
天神桃子,https://dic.nicovideo.jp/a/%E5%A4%A9%E7%A5%9E%E6%A1%83%E5%AD%90
飯田友子,https://dic.nicovideo.jp/a/%E9%A3%AF%E7%94%B0%E5%8F%8B%E5%AD%90
永野愛理,https://dic.nicovideo.jp/a/%E6%B0%B8%E9%87%8E%E6%84%9B%E7%90%86
大西沙織,https://dic.nicovideo.jp/a/%E5%A4%A7%E8%A5%BF%E6%B2%99%E7%B9%94
小澤亜李,https://dic.nicovideo.jp/a/%E5%B0%8F%E6%BE%A4%E4%BA%9C%E6%9D%8E
小澤みのり,https://dic.nicovideo.jp/a/%E5%B0%8F%E6%BE%A4%E3%81%BF%E3%81%AE%E3%82%8A
角元明日香,https://dic.nicovideo.jp/a/%E8%A7%92%E5%85%83%E6%98%8E%E6%97%A5%E9%A6%99
金澤まい,https://dic.nicovideo.jp/a/%E9%87%91%E6%BE%A4%E3%81%BE%E3%81%84
吉川友,https://dic.nicovideo.jp/a/%E5%90%89%E5%B7%9D%E5%8F%8B
久住小春,https://dic.nicovideo.jp/a/%E4%B9%85%E4%BD%8F%E5%B0%8F%E6%98%A5
久野美咲,https://dic.nicovideo.jp/a/%E4%B9%85%E9%87%8E%E7%BE%8E%E5%92%B2
小原好美,https://dic.nicovideo.jp/a/%E5%B0%8F%E5%8E%9F%E5%A5%BD%E7%BE%8E
小森未彩,https://dic.nicovideo.jp/a/%E5%B0%8F%E6%A3%AE%E6%9C%AA%E5%BD%A9
桜庭ななみ,https://dic.nicovideo.jp/a/%E6%A1%9C%E5%BA%AD%E3%81%AA%E3%81%AA%E3%81%BF
鈴木絵理,https://dic.nicovideo.jp/a/%E9%88%B4%E6%9C%A8%E7%B5%B5%E7%90%86
高田憂希,https://dic.nicovideo.jp/a/%E9%AB%98%E7%94%B0%E6%86%82%E5%B8%8C
田中あいみ,https://dic.nicovideo.jp/a/%E7%94%B0%E4%B8%AD%E3%81%82%E3%81%84%E3%81%BF
寺本來可,https://dic.nicovideo.jp/a/%E5%AF%BA%E6%9C%AC%E4%BE%86%E5%8F%AF
のぐちゆり,https://dic.nicovideo.jp/a/%E3%81%AE%E3%81%90%E3%81%A1%E3%82%86%E3%82%8A
橋本ちなみ,https://dic.nicovideo.jp/a/%E6%A9%8B%E6%9C%AC%E3%81%A1%E3%81%AA%E3%81%BF
原優子,https://dic.nicovideo.jp/a/%E5%8E%9F%E5%84%AA%E5%AD%90
日南結里,https://dic.nicovideo.jp/a/%E6%97%A5%E5%8D%97%E7%B5%90%E9%87%8C
藤田茜,https://dic.nicovideo.jp/a/%E8%97%A4%E7%94%B0%E8%8C%9C
本泉莉奈,https://dic.nicovideo.jp/a/%E6%9C%AC%E6%B3%89%E8%8E%89%E5%A5%88
松永真穂,https://dic.nicovideo.jp/a/%E6%9D%BE%E6%B0%B8%E7%9C%9F%E7%A9%82
引退,https://dic.nicovideo.jp/a/%E5%BC%95%E9%80%80
三澤紗千香,https://dic.nicovideo.jp/a/%E4%B8%89%E6%BE%A4%E7%B4%97%E5%8D%83%E9%A6%99
本宮佳奈,https://dic.nicovideo.jp/a/%E6%9C%AC%E5%AE%AE%E4%BD%B3%E5%A5%88
山田悠希,https://dic.nicovideo.jp/a/%E5%B1%B1%E7%94%B0%E6%82%A0%E5%B8%8C
吉田有里,https://dic.nicovideo.jp/a/%E5%90%89%E7%94%B0%E6%9C%89%E9%87%8C
Lynn,https://dic.nicovideo.jp/a/Lynn
渡辺はるか,https://dic.nicovideo.jp/a/%E6%B8%A1%E8%BE%BA%E3%81%AF%E3%82%8B%E3%81%8B
愛美,https://dic.nicovideo.jp/id/4697567
飯田里穂,https://dic.nicovideo.jp/a/%E9%A3%AF%E7%94%B0%E9%87%8C%E7%A9%82
生田輝,https://dic.nicovideo.jp/a/%E7%94%9F%E7%94%B0%E8%BC%9D
上坂すみれ,https://dic.nicovideo.jp/a/%E4%B8%8A%E5%9D%82%E3%81%99%E3%81%BF%E3%82%8C
加地綾乃,https://dic.nicovideo.jp/a/%E5%8A%A0%E5%9C%B0%E7%B6%BE%E4%B9%83
桑原由気,https://dic.nicovideo.jp/a/%E6%A1%91%E5%8E%9F%E7%94%B1%E6%B0%97
寿美菜子,https://dic.nicovideo.jp/a/%E5%AF%BF%E7%BE%8E%E8%8F%9C%E5%AD%90
駒形友梨,https://dic.nicovideo.jp/a/%E9%A7%92%E5%BD%A2%E5%8F%8B%E6%A2%A8
田上真里奈,https://dic.nicovideo.jp/a/%E7%94%B0%E4%B8%8A%E7%9C%9F%E9%87%8C%E5%A5%88
伊達朱里紗,https://dic.nicovideo.jp/a/%E4%BC%8A%E9%81%94%E6%9C%B1%E9%87%8C%E7%B4%97
築田行子,https://dic.nicovideo.jp/a/%E7%AF%89%E7%94%B0%E8%A1%8C%E5%AD%90
千菅春香,https://dic.nicovideo.jp/a/%E5%8D%83%E8%8F%85%E6%98%A5%E9%A6%99
東城咲耶子,https://dic.nicovideo.jp/a/%E6%9D%B1%E5%9F%8E%E5%92%B2%E8%80%B6%E5%AD%90
東山奈央,https://dic.nicovideo.jp/a/%E6%9D%B1%E5%B1%B1%E5%A5%88%E5%A4%AE
都丸ちよ,https://dic.nicovideo.jp/a/%E9%83%BD%E4%B8%B8%E3%81%A1%E3%82%88
中島唯,https://dic.nicovideo.jp/a/%E4%B8%AD%E5%B3%B6%E5%94%AF
長弘翔子,https://dic.nicovideo.jp/a/%E9%95%B7%E5%BC%98%E7%BF%94%E5%AD%90
仲谷明香,https://dic.nicovideo.jp/a/%E4%BB%B2%E8%B0%B7%E6%98%8E%E9%A6%99
早見沙織,https://dic.nicovideo.jp/a/%E6%97%A9%E8%A6%8B%E6%B2%99%E7%B9%94
春奈るな,https://dic.nicovideo.jp/a/%E6%98%A5%E5%A5%88%E3%82%8B%E3%81%AA
日岡なつみ,https://dic.nicovideo.jp/a/%E6%97%A5%E5%B2%A1%E3%81%AA%E3%81%A4%E3%81%BF
M・A・O,https://dic.nicovideo.jp/a/M%E3%83%BBA%E3%83%BBO
Machico,https://dic.nicovideo.jp/a/Machico
未来みき,https://dic.nicovideo.jp/a/%E6%9C%AA%E6%9D%A5%E3%81%BF%E3%81%8D
山崎はるか,https://dic.nicovideo.jp/a/%E5%B1%B1%E5%B4%8E%E3%81%AF%E3%82%8B%E3%81%8B
悠木碧,https://dic.nicovideo.jp/a/%E6%82%A0%E6%9C%A8%E7%A2%A7
結月春菜,https://dic.nicovideo.jp/a/%E7%B5%90%E6%9C%88%E6%98%A5%E8%8F%9C
吉谷彩子,https://dic.nicovideo.jp/a/%E5%90%89%E8%B0%B7%E5%BD%A9%E5%AD%90
相川奈都姫,https://dic.nicovideo.jp/a/%E7%9B%B8%E5%B7%9D%E5%A5%88%E9%83%BD%E5%A7%AB
相坂優歌,https://dic.nicovideo.jp/a/%E7%9B%B8%E5%9D%82%E5%84%AA%E6%AD%8C
藍原ことみ,https://dic.nicovideo.jp/a/%E8%97%8D%E5%8E%9F%E3%81%93%E3%81%A8%E3%81%BF
安済知佳,https://dic.nicovideo.jp/a/%E5%AE%89%E6%B8%88%E7%9F%A5%E4%BD%B3
奥野香耶,https://dic.nicovideo.jp/a/%E5%A5%A5%E9%87%8E%E9%A6%99%E8%80%B6
小野早稀,https://dic.nicovideo.jp/a/%E5%B0%8F%E9%87%8E%E6%97%A9%E7%A8%80
倉口桃,https://dic.nicovideo.jp/a/%E5%80%89%E5%8F%A3%E6%A1%83
小池理子,https://dic.nicovideo.jp/a/%E5%B0%8F%E6%B1%A0%E7%90%86%E5%AD%90
佐々木未来,https://dic.nicovideo.jp/a/%E4%BD%90%E3%80%85%E6%9C%A8%E6%9C%AA%E6%9D%A5
佐藤亜美菜,https://dic.nicovideo.jp/a/%E4%BD%90%E8%97%A4%E4%BA%9C%E7%BE%8E%E8%8F%9C
タカオユキ,https://dic.nicovideo.jp/a/%E3%82%BF%E3%82%AB%E3%82%AA%E3%83%A6%E3%82%AD
引退,https://dic.nicovideo.jp/a/%E5%BC%95%E9%80%80
髙橋ミナミ,https://dic.nicovideo.jp/a/%E9%AB%99%E6%A9%8B%E3%83%9F%E3%83%8A%E3%83%9F
タニベユミ,https://dic.nicovideo.jp/a/%E3%82%BF%E3%83%8B%E3%83%99%E3%83%A6%E3%83%9F
月宮みどり,https://dic.nicovideo.jp/a/%E6%9C%88%E5%AE%AE%E3%81%BF%E3%81%A9%E3%82%8A
東城日沙子,https://dic.nicovideo.jp/a/%E6%9D%B1%E5%9F%8E%E6%97%A5%E6%B2%99%E5%AD%90
戸田めぐみ,https://dic.nicovideo.jp/a/%E6%88%B8%E7%94%B0%E3%82%81%E3%81%90%E3%81%BF
長久友紀,https://dic.nicovideo.jp/a/%E9%95%B7%E4%B9%85%E5%8F%8B%E7%B4%80
西田望見,https://dic.nicovideo.jp/a/%E8%A5%BF%E7%94%B0%E6%9C%9B%E8%A6%8B
新田早規,https://dic.nicovideo.jp/a/%E6%96%B0%E7%94%B0%E6%97%A9%E8%A6%8F
土師亜文,https://dic.nicovideo.jp/a/%E5%9C%9F%E5%B8%AB%E4%BA%9C%E6%96%87
藤本葵,https://dic.nicovideo.jp/a/%E8%97%A4%E6%9C%AC%E8%91%B5
三村ゆうな,https://dic.nicovideo.jp/a/%E4%B8%89%E6%9D%91%E3%82%86%E3%81%86%E3%81%AA
宮川若菜,https://dic.nicovideo.jp/a/%E5%AE%AE%E5%B7%9D%E8%8B%A5%E8%8F%9C
村井理沙子,https://dic.nicovideo.jp/a/%E6%9D%91%E4%BA%95%E7%90%86%E6%B2%99%E5%AD%90
村川梨衣,https://dic.nicovideo.jp/a/%E6%9D%91%E5%B7%9D%E6%A2%A8%E8%A1%A3
山北早紀,https://dic.nicovideo.jp/a/%E5%B1%B1%E5%8C%97%E6%97%A9%E7%B4%80
山本ひかる,https://dic.nicovideo.jp/a/%E5%B1%B1%E6%9C%AC%E3%81%B2%E3%81%8B%E3%82%8B
吉原綾希子,https://dic.nicovideo.jp/a/%E5%90%89%E5%8E%9F%E7%B6%BE%E5%B8%8C%E5%AD%90
青木志貴,https://dic.nicovideo.jp/a/%E9%9D%92%E6%9C%A8%E5%BF%97%E8%B2%B4
青木瑠璃子,https://dic.nicovideo.jp/a/%E9%9D%92%E6%9C%A8%E7%91%A0%E7%92%83%E5%AD%90
石川由依,https://dic.nicovideo.jp/a/%E7%9F%B3%E5%B7%9D%E7%94%B1%E4%BE%9D
一木千洋,https://dic.nicovideo.jp/a/%E4%B8%80%E6%9C%A8%E5%8D%83%E6%B4%8B
初原千絵,https://dic.nicovideo.jp/a/%E5%88%9D%E5%8E%9F%E5%8D%83%E7%B5%B5
内田真礼,https://dic.nicovideo.jp/a/%E5%86%85%E7%94%B0%E7%9C%9F%E7%A4%BC
江里夏,https://dic.nicovideo.jp/a/%E6%B1%9F%E9%87%8C%E5%A4%8F
大久保瑠美,https://dic.nicovideo.jp/a/%E5%A4%A7%E4%B9%85%E4%BF%9D%E7%91%A0%E7%BE%8E
大和田仁美,https://dic.nicovideo.jp/a/%E5%A4%A7%E5%92%8C%E7%94%B0%E4%BB%81%E7%BE%8E
尾高もえみ,https://dic.nicovideo.jp/a/%E5%B0%BE%E9%AB%98%E3%82%82%E3%81%88%E3%81%BF
小見川千明,https://dic.nicovideo.jp/a/%E5%B0%8F%E8%A6%8B%E5%B7%9D%E5%8D%83%E6%98%8E
清都ありさ,https://dic.nicovideo.jp/a/%E6%B8%85%E9%83%BD%E3%81%82%E3%82%8A%E3%81%95
久保ユリカ,https://dic.nicovideo.jp/a/%E4%B9%85%E4%BF%9D%E3%83%A6%E3%83%AA%E3%82%AB
小市眞琴,https://dic.nicovideo.jp/a/%E5%B0%8F%E5%B8%82%E7%9C%9E%E7%90%B4
小岩井ことり,https://dic.nicovideo.jp/a/%E5%B0%8F%E5%B2%A9%E4%BA%95%E3%81%93%E3%81%A8%E3%82%8A
佐藤恵,https://dic.nicovideo.jp/a/%E4%BD%90%E8%97%A4%E6%81%B5
清水茉菜,https://dic.nicovideo.jp/a/%E6%B8%85%E6%B0%B4%E8%8C%89%E8%8F%9C
末柄里恵,https://dic.nicovideo.jp/a/%E6%9C%AB%E6%9F%84%E9%87%8C%E6%81%B5
清家とも子,https://dic.nicovideo.jp/a/%E6%B8%85%E5%AE%B6%E3%81%A8%E3%82%82%E5%AD%90
竹達彩奈,https://dic.nicovideo.jp/a/%E7%AB%B9%E9%81%94%E5%BD%A9%E5%A5%88
田中真奈美,https://dic.nicovideo.jp/a/%E7%94%B0%E4%B8%AD%E7%9C%9F%E5%A5%88%E7%BE%8E
津田美波,https://dic.nicovideo.jp/a/%E6%B4%A5%E7%94%B0%E7%BE%8E%E6%B3%A2
徳井青空,https://dic.nicovideo.jp/a/%E5%BE%B3%E4%BA%95%E9%9D%92%E7%A9%BA
戸松遥,https://dic.nicovideo.jp/a/%E6%88%B8%E6%9D%BE%E9%81%A5
中島愛,https://dic.nicovideo.jp/a/%E4%B8%AD%E5%B3%B6%E6%84%9B
長島光那,https://dic.nicovideo.jp/a/%E9%95%B7%E5%B3%B6%E5%85%89%E9%82%A3
西口杏里沙,https://dic.nicovideo.jp/a/%E8%A5%BF%E5%8F%A3%E6%9D%8F%E9%87%8C%E6%B2%99
引退,https://dic.nicovideo.jp/a/%E5%BC%95%E9%80%80
野村香菜子,https://dic.nicovideo.jp/a/%E9%87%8E%E6%9D%91%E9%A6%99%E8%8F%9C%E5%AD%90
原嶋あかり,https://dic.nicovideo.jp/a/%E5%8E%9F%E5%B6%8B%E3%81%82%E3%81%8B%E3%82%8A
潘めぐみ,https://dic.nicovideo.jp/a/%E6%BD%98%E3%82%81%E3%81%90%E3%81%BF
東内マリ子,https://dic.nicovideo.jp/a/%E6%9D%B1%E5%86%85%E3%83%9E%E3%83%AA%E5%AD%90
福原綾香,https://dic.nicovideo.jp/a/%E7%A6%8F%E5%8E%9F%E7%B6%BE%E9%A6%99
前田玲奈,https://dic.nicovideo.jp/a/%E5%89%8D%E7%94%B0%E7%8E%B2%E5%A5%88
宮本佳那子,https://dic.nicovideo.jp/a/%E5%AE%AE%E6%9C%AC%E4%BD%B3%E9%82%A3%E5%AD%90
村中知,https://dic.nicovideo.jp/a/%E6%9D%91%E4%B8%AD%E7%9F%A5
安野希世乃,https://dic.nicovideo.jp/a/%E5%AE%89%E9%87%8E%E5%B8%8C%E4%B8%96%E4%B9%83
吉岡麻耶,https://dic.nicovideo.jp/a/%E5%90%89%E5%B2%A1%E9%BA%BB%E8%80%B6
相羽あいな,https://dic.nicovideo.jp/a/%E7%9B%B8%E7%BE%BD%E3%81%82%E3%81%84%E3%81%AA
荒浪和沙,https://dic.nicovideo.jp/a/%E8%8D%92%E6%B5%AA%E5%92%8C%E6%B2%99
井口裕香,https://dic.nicovideo.jp/a/%E4%BA%95%E5%8F%A3%E8%A3%95%E9%A6%99
石上静香,https://dic.nicovideo.jp/a/%E7%9F%B3%E4%B8%8A%E9%9D%99%E9%A6%99
伊瀬茉莉也,https://dic.nicovideo.jp/a/%E4%BC%8A%E7%80%AC%E8%8C%89%E8%8E%89%E4%B9%9F
上間江望,https://dic.nicovideo.jp/a/%E4%B8%8A%E9%96%93%E6%B1%9F%E6%9C%9B
大空直美,https://dic.nicovideo.jp/a/%E5%A4%A7%E7%A9%BA%E7%9B%B4%E7%BE%8E
加隈亜衣,https://dic.nicovideo.jp/a/%E5%8A%A0%E9%9A%88%E4%BA%9C%E8%A1%A3
喜多丘千陽,https://dic.nicovideo.jp/a/%E5%96%9C%E5%A4%9A%E4%B8%98%E5%8D%83%E9%99%BD
引退,https://dic.nicovideo.jp/a/%E5%BC%95%E9%80%80
木村珠莉,https://dic.nicovideo.jp/a/%E6%9C%A8%E6%9D%91%E7%8F%A0%E8%8E%89
楠田亜衣奈,https://dic.nicovideo.jp/a/%E6%A5%A0%E7%94%B0%E4%BA%9C%E8%A1%A3%E5%A5%88
工藤晴香,https://dic.nicovideo.jp/a/%E5%B7%A5%E8%97%A4%E6%99%B4%E9%A6%99
小松未可子,https://dic.nicovideo.jp/a/%E5%B0%8F%E6%9D%BE%E6%9C%AA%E5%8F%AF%E5%AD%90
近藤唯,https://dic.nicovideo.jp/a/%E8%BF%91%E8%97%A4%E5%94%AF
齋藤彩夏,https://dic.nicovideo.jp/a/%E9%BD%8B%E8%97%A4%E5%BD%A9%E5%A4%8F
櫻川めぐ,https://dic.nicovideo.jp/a/%E6%AB%BB%E5%B7%9D%E3%82%81%E3%81%90
佐々木智代,https://dic.nicovideo.jp/a/%E4%BD%90%E3%80%85%E6%9C%A8%E6%99%BA%E4%BB%A3
清水理沙,https://dic.nicovideo.jp/a/%E6%B8%85%E6%B0%B4%E7%90%86%E6%B2%99
諏訪彩花,https://dic.nicovideo.jp/a/%E8%AB%8F%E8%A8%AA%E5%BD%A9%E8%8A%B1
髙野麻美,https://dic.nicovideo.jp/a/%E9%AB%99%E9%87%8E%E9%BA%BB%E7%BE%8E
高部あい,https://dic.nicovideo.jp/a/%E9%AB%98%E9%83%A8%E3%81%82%E3%81%84
引退,https://dic.nicovideo.jp/a/%E5%BC%95%E9%80%80
竹内美優,https://dic.nicovideo.jp/a/%E7%AB%B9%E5%86%85%E7%BE%8E%E5%84%AA
種田梨沙,https://dic.nicovideo.jp/a/%E7%A8%AE%E7%94%B0%E6%A2%A8%E6%B2%99
田村奈央,https://dic.nicovideo.jp/a/%E7%94%B0%E6%9D%91%E5%A5%88%E5%A4%AE
寺﨑彩乃,https://dic.nicovideo.jp/a/%E5%AF%BA%EF%A8%91%E5%BD%A9%E4%B9%83
冨岡美沙子,https://dic.nicovideo.jp/a/%E5%86%A8%E5%B2%A1%E7%BE%8E%E6%B2%99%E5%AD%90
長妻樹里,https://dic.nicovideo.jp/a/%E9%95%B7%E5%A6%BB%E6%A8%B9%E9%87%8C
新垣里沙,https://dic.nicovideo.jp/a/%E6%96%B0%E5%9E%A3%E9%87%8C%E6%B2%99
沼倉愛美,https://dic.nicovideo.jp/a/%E6%B2%BC%E5%80%89%E6%84%9B%E7%BE%8E
能登有沙,https://dic.nicovideo.jp/a/%E8%83%BD%E7%99%BB%E6%9C%89%E6%B2%99
野村真悠華,https://dic.nicovideo.jp/a/%E9%87%8E%E6%9D%91%E7%9C%9F%E6%82%A0%E8%8F%AF
長谷川静香,https://dic.nicovideo.jp/a/%E9%95%B7%E8%B0%B7%E5%B7%9D%E9%9D%99%E9%A6%99
秦佐和子,https://dic.nicovideo.jp/a/%E7%A7%A6%E4%BD%90%E5%92%8C%E5%AD%90
花澤香菜,https://dic.nicovideo.jp/a/%E8%8A%B1%E6%BE%A4%E9%A6%99%E8%8F%9C
原紗友里,https://dic.nicovideo.jp/a/%E5%8E%9F%E7%B4%97%E5%8F%8B%E9%87%8C
Pile,https://dic.nicovideo.jp/a/Pile
古谷静佳,https://dic.nicovideo.jp/a/%E5%8F%A4%E8%B0%B7%E9%9D%99%E4%BD%B3
ブリドカットセーラ恵美,https://dic.nicovideo.jp/a/%E3%83%96%E3%83%AA%E3%83%89%E3%82%AB%E3%83%83%E3%83%88%E3%82%BB%E3%83%BC%E3%83%A9%E6%81%B5%E7%BE%8E
松井恵理子,https://dic.nicovideo.jp/a/%E6%9D%BE%E4%BA%95%E6%81%B5%E7%90%86%E5%AD%90
三上枝織,https://dic.nicovideo.jp/a/%E4%B8%89%E4%B8%8A%E6%9E%9D%E7%B9%94
山下百合恵,https://dic.nicovideo.jp/a/%E5%B1%B1%E4%B8%8B%E7%99%BE%E5%90%88%E6%81%B5
山本希望,https://dic.nicovideo.jp/a/%E5%B1%B1%E6%9C%AC%E5%B8%8C%E6%9C%9B
渡部優衣,https://dic.nicovideo.jp/a/%E6%B8%A1%E9%83%A8%E5%84%AA%E8%A1%A3
赤﨑千夏,https://dic.nicovideo.jp/a/%E8%B5%A4%EF%A8%91%E5%8D%83%E5%A4%8F
阿久津加菜,https://dic.nicovideo.jp/a/%E9%98%BF%E4%B9%85%E6%B4%A5%E5%8A%A0%E8%8F%9C
引退,https://dic.nicovideo.jp/a/%E5%BC%95%E9%80%80
明坂聡美,https://dic.nicovideo.jp/a/%E6%98%8E%E5%9D%82%E8%81%A1%E7%BE%8E
荒川美穂,https://dic.nicovideo.jp/a/%E8%8D%92%E5%B7%9D%E7%BE%8E%E7%A9%82
井端珠里,https://dic.nicovideo.jp/a/%E4%BA%95%E7%AB%AF%E7%8F%A0%E9%87%8C
今井麻夏,https://dic.nicovideo.jp/a/%E4%BB%8A%E4%BA%95%E9%BA%BB%E5%A4%8F
内山夕実,https://dic.nicovideo.jp/a/%E5%86%85%E5%B1%B1%E5%A4%95%E5%AE%9F
榎あづさ,https://dic.nicovideo.jp/a/%E6%A6%8E%E3%81%82%E3%81%A5%E3%81%95
桜咲千依,https://dic.nicovideo.jp/a/%E6%A1%9C%E5%92%B2%E5%8D%83%E4%BE%9D
大亀あすか,https://dic.nicovideo.jp/a/%E5%A4%A7%E4%BA%80%E3%81%82%E3%81%99%E3%81%8B
大関英里,https://dic.nicovideo.jp/a/%E5%A4%A7%E9%96%A2%E8%8B%B1%E9%87%8C
大原桃子,https://dic.nicovideo.jp/a/%E5%A4%A7%E5%8E%9F%E6%A1%83%E5%AD%90
引退,https://dic.nicovideo.jp/a/%E5%BC%95%E9%80%80
金元寿子,https://dic.nicovideo.jp/a/%E9%87%91%E5%85%83%E5%AF%BF%E5%AD%90
茅野愛衣,https://dic.nicovideo.jp/a/%E8%8C%85%E9%87%8E%E6%84%9B%E8%A1%A3
喜多村英梨,https://dic.nicovideo.jp/a/%E5%96%9C%E5%A4%9A%E6%9D%91%E8%8B%B1%E6%A2%A8
後藤友香里,https://dic.nicovideo.jp/a/%E5%BE%8C%E8%97%A4%E5%8F%8B%E9%A6%99%E9%87%8C
引退,https://dic.nicovideo.jp/a/%E5%BC%95%E9%80%80
佐土原かおり,https://dic.nicovideo.jp/a/%E4%BD%90%E5%9C%9F%E5%8E%9F%E3%81%8B%E3%81%8A%E3%82%8A
清水彩香,https://dic.nicovideo.jp/a/%E6%B8%85%E6%B0%B4%E5%BD%A9%E9%A6%99
下山田綾華,https://dic.nicovideo.jp/a/%E4%B8%8B%E5%B1%B1%E7%94%B0%E7%B6%BE%E8%8F%AF
須藤祐実,https://dic.nicovideo.jp/a/%E9%A0%88%E8%97%A4%E7%A5%90%E5%AE%9F
巽悠衣子,https://dic.nicovideo.jp/a/%E5%B7%BD%E6%82%A0%E8%A1%A3%E5%AD%90
田村睦心,https://dic.nicovideo.jp/a/%E7%94%B0%E6%9D%91%E7%9D%A6%E5%BF%83
中嶋アキ,https://dic.nicovideo.jp/a/%E4%B8%AD%E5%B6%8B%E3%82%A2%E3%82%AD
中嶋ヒロ,https://dic.nicovideo.jp/a/%E4%B8%AD%E5%B6%8B%E3%83%92%E3%83%AD
長嶋はるか,https://dic.nicovideo.jp/a/%E9%95%B7%E5%B6%8B%E3%81%AF%E3%82%8B%E3%81%8B
七沢心,https://dic.nicovideo.jp/a/%E4%B8%83%E6%B2%A2%E5%BF%83
西明日香,https://dic.nicovideo.jp/a/%E8%A5%BF%E6%98%8E%E6%97%A5%E9%A6%99
原田ひとみ,https://dic.nicovideo.jp/a/%E5%8E%9F%E7%94%B0%E3%81%B2%E3%81%A8%E3%81%BF
平野綾,https://dic.nicovideo.jp/a/%E5%B9%B3%E9%87%8E%E7%B6%BE
渕上舞,https://dic.nicovideo.jp/a/%E6%B8%95%E4%B8%8A%E8%88%9E
古木のぞみ,https://dic.nicovideo.jp/a/%E5%8F%A4%E6%9C%A8%E3%81%AE%E3%81%9E%E3%81%BF
みなかみ菜緒,https://dic.nicovideo.jp/a/%E3%81%BF%E3%81%AA%E3%81%8B%E3%81%BF%E8%8F%9C%E7%B7%92
森なな子,https://dic.nicovideo.jp/a/%E6%A3%AE%E3%81%AA%E3%81%AA%E5%AD%90
山口立花子,https://dic.nicovideo.jp/a/%E5%B1%B1%E5%8F%A3%E7%AB%8B%E8%8A%B1%E5%AD%90
山下まみ,https://dic.nicovideo.jp/a/%E5%B1%B1%E4%B8%8B%E3%81%BE%E3%81%BF
山村響,https://dic.nicovideo.jp/a/%E5%B1%B1%E6%9D%91%E9%9F%BF
浅倉杏美,https://dic.nicovideo.jp/a/%E6%B5%85%E5%80%89%E6%9D%8F%E7%BE%8E
五十嵐裕美,https://dic.nicovideo.jp/a/%E4%BA%94%E5%8D%81%E5%B5%90%E8%A3%95%E7%BE%8E
井澤詩織,https://dic.nicovideo.jp/a/%E4%BA%95%E6%BE%A4%E8%A9%A9%E7%B9%94
石田嘉代,https://dic.nicovideo.jp/a/%E7%9F%B3%E7%94%B0%E5%98%89%E4%BB%A3
伊藤かな恵,https://dic.nicovideo.jp/a/%E4%BC%8A%E8%97%A4%E3%81%8B%E3%81%AA%E6%81%B5
牛田裕子,https://dic.nicovideo.jp/a/%E7%89%9B%E7%94%B0%E8%A3%95%E5%AD%90
内田彩,https://dic.nicovideo.jp/a/%E5%86%85%E7%94%B0%E5%BD%A9
金子有希,https://dic.nicovideo.jp/a/%E9%87%91%E5%AD%90%E6%9C%89%E5%B8%8C
神田沙也加,https://dic.nicovideo.jp/a/%E7%A5%9E%E7%94%B0%E6%B2%99%E4%B9%9F%E5%8A%A0
工藤真由,https://dic.nicovideo.jp/a/%E5%B7%A5%E8%97%A4%E7%9C%9F%E7%94%B1
児玉明日美,https://dic.nicovideo.jp/a/%E5%85%90%E7%8E%89%E6%98%8E%E6%97%A5%E7%BE%8E
後藤沙緒里,https://dic.nicovideo.jp/a/%E5%BE%8C%E8%97%A4%E6%B2%99%E7%B7%92%E9%87%8C
さかいかな,https://dic.nicovideo.jp/a/%E3%81%95%E3%81%8B%E3%81%84%E3%81%8B%E3%81%AA
斉藤佑圭,https://dic.nicovideo.jp/a/%E6%96%89%E8%97%A4%E4%BD%91%E5%9C%AD
佐藤聡美,https://dic.nicovideo.jp/a/%E4%BD%90%E8%97%A4%E8%81%A1%E7%BE%8E
洲崎綾,https://dic.nicovideo.jp/a/%E6%B4%B2%E5%B4%8E%E7%B6%BE
高森奈津美,https://dic.nicovideo.jp/a/%E9%AB%98%E6%A3%AE%E5%A5%88%E6%B4%A5%E7%BE%8E
立花理香,https://dic.nicovideo.jp/a/%E7%AB%8B%E8%8A%B1%E7%90%86%E9%A6%99
田野アサミ,https://dic.nicovideo.jp/a/%E7%94%B0%E9%87%8E%E3%82%A2%E3%82%B5%E3%83%9F
照井春佳,https://dic.nicovideo.jp/a/%E7%85%A7%E4%BA%95%E6%98%A5%E4%BD%B3
富樫美鈴,https://dic.nicovideo.jp/a/%E5%AF%8C%E6%A8%AB%E7%BE%8E%E9%88%B4
豊崎愛生,https://dic.nicovideo.jp/a/%E8%B1%8A%E5%B4%8E%E6%84%9B%E7%94%9F
中村知世,https://dic.nicovideo.jp/a/%E4%B8%AD%E6%9D%91%E7%9F%A5%E4%B8%96
中山恵里奈,https://dic.nicovideo.jp/a/%E4%B8%AD%E5%B1%B1%E6%81%B5%E9%87%8C%E5%A5%88
廣田詩夢,https://dic.nicovideo.jp/a/%E5%BB%A3%E7%94%B0%E8%A9%A9%E5%A4%A2
福原香織,https://dic.nicovideo.jp/a/%E7%A6%8F%E5%8E%9F%E9%A6%99%E7%B9%94
本多真梨子,https://dic.nicovideo.jp/a/%E6%9C%AC%E5%A4%9A%E7%9C%9F%E6%A2%A8%E5%AD%90
MAKO,https://dic.nicovideo.jp/a/MAKO
三森すずこ,https://dic.nicovideo.jp/a/%E4%B8%89%E6%A3%AE%E3%81%99%E3%81%9A%E3%81%93
持月玲依,https://dic.nicovideo.jp/a/%E6%8C%81%E6%9C%88%E7%8E%B2%E4%BE%9D
杜野まこ,https://dic.nicovideo.jp/a/%E6%9D%9C%E9%87%8E%E3%81%BE%E3%81%93
矢作紗友里,https://dic.nicovideo.jp/a/%E7%9F%A2%E4%BD%9C%E7%B4%97%E5%8F%8B%E9%87%8C
山口理恵,https://dic.nicovideo.jp/a/%E5%B1%B1%E5%8F%A3%E7%90%86%E6%81%B5
引退,https://dic.nicovideo.jp/a/%E5%BC%95%E9%80%80
山本彩乃,https://dic.nicovideo.jp/a/%E5%B1%B1%E6%9C%AC%E5%BD%A9%E4%B9%83
優木かな,https://dic.nicovideo.jp/a/%E5%84%AA%E6%9C%A8%E3%81%8B%E3%81%AA
渡部恵子,https://dic.nicovideo.jp/a/%E6%B8%A1%E9%83%A8%E6%81%B5%E5%AD%90
大谷美貴,https://dic.nicovideo.jp/a/%E5%A4%A7%E8%B0%B7%E7%BE%8E%E8%B2%B4
加藤夏希,https://dic.nicovideo.jp/a/%E5%8A%A0%E8%97%A4%E5%A4%8F%E5%B8%8C
小清水亜美,https://dic.nicovideo.jp/a/%E5%B0%8F%E6%B8%85%E6%B0%B4%E4%BA%9C%E7%BE%8E
小堀友里絵,https://dic.nicovideo.jp/a/%E5%B0%8F%E5%A0%80%E5%8F%8B%E9%87%8C%E7%B5%B5
佐々木愛,https://dic.nicovideo.jp/a/%E4%BD%90%E3%80%85%E6%9C%A8%E6%84%9B
沢城みゆき,https://dic.nicovideo.jp/a/%E6%B2%A2%E5%9F%8E%E3%81%BF%E3%82%86%E3%81%8D
三瓶由布子,https://dic.nicovideo.jp/a/%E4%B8%89%E7%93%B6%E7%94%B1%E5%B8%83%E5%AD%90
嶋村侑,https://dic.nicovideo.jp/a/%E5%B6%8B%E6%9D%91%E4%BE%91
下田麻美,https://dic.nicovideo.jp/a/%E4%B8%8B%E7%94%B0%E9%BA%BB%E7%BE%8E
庄司宇芽香,https://dic.nicovideo.jp/a/%E5%BA%84%E5%8F%B8%E5%AE%87%E8%8A%BD%E9%A6%99
高垣彩陽,https://dic.nicovideo.jp/a/%E9%AB%98%E5%9E%A3%E5%BD%A9%E9%99%BD
高本めぐみ,https://dic.nicovideo.jp/a/%E9%AB%98%E6%9C%AC%E3%82%81%E3%81%90%E3%81%BF
中川翔子,https://dic.nicovideo.jp/a/%E4%B8%AD%E5%B7%9D%E7%BF%94%E5%AD%90
名塚佳織,https://dic.nicovideo.jp/a/%E5%90%8D%E5%A1%9A%E4%BD%B3%E7%B9%94
鳴海杏子,https://dic.nicovideo.jp/a/%E9%B3%B4%E6%B5%B7%E6%9D%8F%E5%AD%90
引退,https://dic.nicovideo.jp/a/%E5%BC%95%E9%80%80
新田恵海,https://dic.nicovideo.jp/a/%E6%96%B0%E7%94%B0%E6%81%B5%E6%B5%B7
野水伊織,https://dic.nicovideo.jp/a/%E9%87%8E%E6%B0%B4%E4%BC%8A%E7%B9%94
林沙織,https://dic.nicovideo.jp/a/%E6%9E%97%E6%B2%99%E7%B9%94
引退,https://dic.nicovideo.jp/a/%E5%BC%95%E9%80%80
日笠陽子,https://dic.nicovideo.jp/a/%E6%97%A5%E7%AC%A0%E9%99%BD%E5%AD%90
平田真菜,https://dic.nicovideo.jp/a/%E5%B9%B3%E7%94%B0%E7%9C%9F%E8%8F%9C
藤井ゆきよ,https://dic.nicovideo.jp/a/%E8%97%A4%E4%BA%95%E3%82%86%E3%81%8D%E3%82%88
藤東知夏,https://dic.nicovideo.jp/a/%E8%97%A4%E6%9D%B1%E7%9F%A5%E5%A4%8F
前田亜季,https://dic.nicovideo.jp/a/%E5%89%8D%E7%94%B0%E4%BA%9C%E5%AD%A3
牧野由依,https://dic.nicovideo.jp/a/%E7%89%A7%E9%87%8E%E7%94%B1%E4%BE%9D
松嵜麗,https://dic.nicovideo.jp/a/%E6%9D%BE%E5%B5%9C%E9%BA%97
水野マリコ,https://dic.nicovideo.jp/a/%E6%B0%B4%E9%87%8E%E3%83%9E%E3%83%AA%E3%82%B3
引退,https://dic.nicovideo.jp/a/%E5%BC%95%E9%80%80
三宅麻理恵,https://dic.nicovideo.jp/a/%E4%B8%89%E5%AE%85%E9%BA%BB%E7%90%86%E6%81%B5
宮崎あおい,https://dic.nicovideo.jp/a/%E5%AE%AE%E5%B4%8E%E3%81%82%E3%81%8A%E3%81%84
吉田聖子,https://dic.nicovideo.jp/a/%E5%90%89%E7%94%B0%E8%81%96%E5%AD%90
佳村はるか,https://dic.nicovideo.jp/a/%E4%BD%B3%E6%9D%91%E3%81%AF%E3%82%8B%E3%81%8B
劉セイラ,https://dic.nicovideo.jp/a/%E5%8A%89%E3%82%BB%E3%82%A4%E3%83%A9
井上麻里奈,https://dic.nicovideo.jp/a/%E4%BA%95%E4%B8%8A%E9%BA%BB%E9%87%8C%E5%A5%88
大橋歩夕,https://dic.nicovideo.jp/a/%E5%A4%A7%E6%A9%8B%E6%AD%A9%E5%A4%95
沖佳苗,https://dic.nicovideo.jp/a/%E6%B2%96%E4%BD%B3%E8%8B%97
神戸みゆき,https://dic.nicovideo.jp/a/%E7%A5%9E%E6%88%B8%E3%81%BF%E3%82%86%E3%81%8D
橘田いずみ,https://dic.nicovideo.jp/a/%E6%A9%98%E7%94%B0%E3%81%84%E3%81%9A%E3%81%BF
國立幸,https://dic.nicovideo.jp/a/%E5%9C%8B%E7%AB%8B%E5%B9%B8
佐藤なる美,https://dic.nicovideo.jp/a/%E4%BD%90%E8%97%A4%E3%81%AA%E3%82%8B%E7%BE%8E
真堂圭,https://dic.nicovideo.jp/a/%E7%9C%9F%E5%A0%82%E5%9C%AD
藏合紗恵子,https://dic.nicovideo.jp/a/%E8%97%8F%E5%90%88%E7%B4%97%E6%81%B5%E5%AD%90
高橋めぐる,https://dic.nicovideo.jp/a/%E9%AB%98%E6%A9%8B%E3%82%81%E3%81%90%E3%82%8B
互野ちひろ,https://dic.nicovideo.jp/a/%E4%BA%92%E9%87%8E%E3%81%A1%E3%81%B2%E3%82%8D
辻あゆみ,https://dic.nicovideo.jp/a/%E8%BE%BB%E3%81%82%E3%82%86%E3%81%BF
長沢彩,https://dic.nicovideo.jp/a/%E9%95%B7%E6%B2%A2%E5%BD%A9
南條愛乃,https://dic.nicovideo.jp/a/%E5%8D%97%E6%A2%9D%E6%84%9B%E4%B9%83
葉山いくみ,https://dic.nicovideo.jp/a/%E8%91%89%E5%B1%B1%E3%81%84%E3%81%8F%E3%81%BF
原由実,https://dic.nicovideo.jp/a/%E5%8E%9F%E7%94%B1%E5%AE%9F
藤田咲,https://dic.nicovideo.jp/a/%E8%97%A4%E7%94%B0%E5%92%B2
牧口真幸,https://dic.nicovideo.jp/a/%E7%89%A7%E5%8F%A3%E7%9C%9F%E5%B9%B8
松本まりか,https://dic.nicovideo.jp/a/%E6%9D%BE%E6%9C%AC%E3%81%BE%E3%82%8A%E3%81%8B
三宅華也,https://dic.nicovideo.jp/a/%E4%B8%89%E5%AE%85%E8%8F%AF%E4%B9%9F
吉田仁美,https://dic.nicovideo.jp/a/%E5%90%89%E7%94%B0%E4%BB%81%E7%BE%8E
阿澄佳奈,https://dic.nicovideo.jp/a/%E9%98%BF%E6%BE%84%E4%BD%B3%E5%A5%88
井ノ上奈々,https://dic.nicovideo.jp/a/%E4%BA%95%E3%83%8E%E4%B8%8A%E5%A5%88%E3%80%85
岩村愛子,https://dic.nicovideo.jp/a/%E5%B2%A9%E6%9D%91%E6%84%9B%E5%AD%90
加藤英美里,https://dic.nicovideo.jp/a/%E5%8A%A0%E8%97%A4%E8%8B%B1%E7%BE%8E%E9%87%8C
金田アキ,https://dic.nicovideo.jp/a/%E9%87%91%E7%94%B0%E3%82%A2%E3%82%AD
鹿野優以,https://dic.nicovideo.jp/a/%E9%B9%BF%E9%87%8E%E5%84%AA%E4%BB%A5
菊地美香,https://dic.nicovideo.jp/a/%E8%8F%8A%E5%9C%B0%E7%BE%8E%E9%A6%99
佐藤有世,https://dic.nicovideo.jp/a/%E4%BD%90%E8%97%A4%E6%9C%89%E4%B8%96
清水香里,https://dic.nicovideo.jp/a/%E6%B8%85%E6%B0%B4%E9%A6%99%E9%87%8C
庄子裕衣,https://dic.nicovideo.jp/a/%E5%BA%84%E5%AD%90%E8%A3%95%E8%A1%A3
寺崎裕香,https://dic.nicovideo.jp/a/%E5%AF%BA%E5%B4%8E%E8%A3%95%E9%A6%99
中尾衣里,https://dic.nicovideo.jp/a/%E4%B8%AD%E5%B0%BE%E8%A1%A3%E9%87%8C
中上育実,https://dic.nicovideo.jp/a/%E4%B8%AD%E4%B8%8A%E8%82%B2%E5%AE%9F
中津真莉,https://dic.nicovideo.jp/a/%E4%B8%AD%E6%B4%A5%E7%9C%9F%E8%8E%89
中村知子,https://dic.nicovideo.jp/a/%E4%B8%AD%E6%9D%91%E7%9F%A5%E5%AD%90
永田依子,https://dic.nicovideo.jp/a/%E6%B0%B8%E7%94%B0%E4%BE%9D%E5%AD%90
南里侑香,https://dic.nicovideo.jp/a/%E5%8D%97%E9%87%8C%E4%BE%91%E9%A6%99
ニーコ,https://dic.nicovideo.jp/a/%E3%83%8B%E3%83%BC%E3%82%B3
はるかひとみ,https://dic.nicovideo.jp/a/%E3%81%AF%E3%82%8B%E3%81%8B%E3%81%B2%E3%81%A8%E3%81%BF
別府あゆみ,https://dic.nicovideo.jp/a/%E5%88%A5%E5%BA%9C%E3%81%82%E3%82%86%E3%81%BF
星間美佳,https://dic.nicovideo.jp/a/%E6%98%9F%E9%96%93%E7%BE%8E%E4%BD%B3
本多陽子,https://dic.nicovideo.jp/a/%E6%9C%AC%E5%A4%9A%E9%99%BD%E5%AD%90
前田愛(女優),https://dic.nicovideo.jp/a/%E5%89%8D%E7%94%B0%E6%84%9B%28%E5%A5%B3%E5%84%AA%29
又吉愛,https://dic.nicovideo.jp/a/%E5%8F%88%E5%90%89%E6%84%9B
美名,https://dic.nicovideo.jp/a/%E7%BE%8E%E5%90%8D
紅波柚香,https://dic.nicovideo.jp/a/%E7%B4%85%E6%B3%A2%E6%9F%9A%E9%A6%99
石黒千尋,https://dic.nicovideo.jp/a/%E7%9F%B3%E9%BB%92%E5%8D%83%E5%B0%8B
稲村優奈,https://dic.nicovideo.jp/a/%E7%A8%B2%E6%9D%91%E5%84%AA%E5%A5%88
近江知永,https://dic.nicovideo.jp/a/%E8%BF%91%E6%B1%9F%E7%9F%A5%E6%B0%B8
大河内雅子,https://dic.nicovideo.jp/a/%E5%A4%A7%E6%B2%B3%E5%86%85%E9%9B%85%E5%AD%90
菊池こころ,https://dic.nicovideo.jp/a/%E8%8F%8A%E6%B1%A0%E3%81%93%E3%81%93%E3%82%8D
木下あゆ美,https://dic.nicovideo.jp/a/%E6%9C%A8%E4%B8%8B%E3%81%82%E3%82%86%E7%BE%8E
國分優香里,https://dic.nicovideo.jp/a/%E5%9C%8B%E5%88%86%E5%84%AA%E9%A6%99%E9%87%8C
後藤麻衣,https://dic.nicovideo.jp/a/%E5%BE%8C%E8%97%A4%E9%BA%BB%E8%A1%A3
斎藤桃子,https://dic.nicovideo.jp/a/%E6%96%8E%E8%97%A4%E6%A1%83%E5%AD%90
櫻井浩美,https://dic.nicovideo.jp/a/%E6%AB%BB%E4%BA%95%E6%B5%A9%E7%BE%8E
ささきのぞみ,https://dic.nicovideo.jp/a/%E3%81%95%E3%81%95%E3%81%8D%E3%81%AE%E3%81%9E%E3%81%BF
下屋則子,https://dic.nicovideo.jp/a/%E4%B8%8B%E5%B1%8B%E5%89%87%E5%AD%90
志村由美,https://dic.nicovideo.jp/a/%E5%BF%97%E6%9D%91%E7%94%B1%E7%BE%8E
引退,https://dic.nicovideo.jp/a/%E5%BC%95%E9%80%80
白石涼子,https://dic.nicovideo.jp/a/%E7%99%BD%E7%9F%B3%E6%B6%BC%E5%AD%90
世戸さおり,https://dic.nicovideo.jp/a/%E4%B8%96%E6%88%B8%E3%81%95%E3%81%8A%E3%82%8A
福井裕佳梨,https://dic.nicovideo.jp/a/%E7%A6%8F%E4%BA%95%E8%A3%95%E4%BD%B3%E6%A2%A8
藤田由美子,https://dic.nicovideo.jp/a/%E8%97%A4%E7%94%B0%E7%94%B1%E7%BE%8E%E5%AD%90
藤村歩,https://dic.nicovideo.jp/a/%E8%97%A4%E6%9D%91%E6%AD%A9
洞内愛,https://dic.nicovideo.jp/a/%E6%B4%9E%E5%86%85%E6%84%9B
吉田真弓,https://dic.nicovideo.jp/a/%E5%90%89%E7%94%B0%E7%9C%9F%E5%BC%93
渡辺明乃,https://dic.nicovideo.jp/a/%E6%B8%A1%E8%BE%BA%E6%98%8E%E4%B9%83
相沢舞,https://dic.nicovideo.jp/a/%E7%9B%B8%E6%B2%A2%E8%88%9E
石川綾乃,https://dic.nicovideo.jp/a/%E7%9F%B3%E5%B7%9D%E7%B6%BE%E4%B9%83
大久保藍子,https://dic.nicovideo.jp/a/%E5%A4%A7%E4%B9%85%E4%BF%9D%E8%97%8D%E5%AD%90
尾崎真実,https://dic.nicovideo.jp/a/%E5%B0%BE%E5%B4%8E%E7%9C%9F%E5%AE%9F
小林ゆう,https://dic.nicovideo.jp/a/%E5%B0%8F%E6%9E%97%E3%82%86%E3%81%86
近藤佳奈子,https://dic.nicovideo.jp/a/%E8%BF%91%E8%97%A4%E4%BD%B3%E5%A5%88%E5%AD%90
佐藤利奈,https://dic.nicovideo.jp/a/%E4%BD%90%E8%97%A4%E5%88%A9%E5%A5%88
仙台エリ,https://dic.nicovideo.jp/a/%E4%BB%99%E5%8F%B0%E3%82%A8%E3%83%AA
滝田樹里,https://dic.nicovideo.jp/a/%E6%BB%9D%E7%94%B0%E6%A8%B9%E9%87%8C
多田葵,https://dic.nicovideo.jp/a/%E5%A4%9A%E7%94%B0%E8%91%B5
恒松あゆみ,https://dic.nicovideo.jp/a/%E6%81%92%E6%9D%BE%E3%81%82%E3%82%86%E3%81%BF
中村繪里子,https://dic.nicovideo.jp/a/%E4%B8%AD%E6%9D%91%E7%B9%AA%E9%87%8C%E5%AD%90
野中藍,https://dic.nicovideo.jp/a/%E9%87%8E%E4%B8%AD%E8%97%8D
福圓美里,https://dic.nicovideo.jp/a/%E7%A6%8F%E5%9C%93%E7%BE%8E%E9%87%8C
宮崎羽衣,https://dic.nicovideo.jp/a/%E5%AE%AE%E5%B4%8E%E7%BE%BD%E8%A1%A3
ミルノ純,https://dic.nicovideo.jp/a/%E3%83%9F%E3%83%AB%E3%83%8E%E7%B4%94
山本麻里安,https://dic.nicovideo.jp/a/%E5%B1%B1%E6%9C%AC%E9%BA%BB%E9%87%8C%E5%AE%89
ユリン千晶,https://dic.nicovideo.jp/a/%E3%83%A6%E3%83%AA%E3%83%B3%E5%8D%83%E6%99%B6
米澤円,https://dic.nicovideo.jp/a/%E7%B1%B3%E6%BE%A4%E5%86%86
阿部彬名,https://dic.nicovideo.jp/a/%E9%98%BF%E9%83%A8%E5%BD%AC%E5%90%8D
新井里美,https://dic.nicovideo.jp/a/%E6%96%B0%E4%BA%95%E9%87%8C%E7%BE%8E
磯村知美,https://dic.nicovideo.jp/a/%E7%A3%AF%E6%9D%91%E7%9F%A5%E7%BE%8E
伊藤静,https://dic.nicovideo.jp/a/%E4%BC%8A%E8%97%A4%E9%9D%99
植田佳奈,https://dic.nicovideo.jp/a/%E6%A4%8D%E7%94%B0%E4%BD%B3%E5%A5%88
小笠原亜里沙,https://dic.nicovideo.jp/a/%E5%B0%8F%E7%AC%A0%E5%8E%9F%E4%BA%9C%E9%87%8C%E6%B2%99
折笠奈緒美,https://dic.nicovideo.jp/a/%E6%8A%98%E7%AC%A0%E5%A5%88%E7%B7%92%E7%BE%8E
折戸マリ,https://dic.nicovideo.jp/a/%E6%8A%98%E6%88%B8%E3%83%9E%E3%83%AA
貝原怜奈,https://dic.nicovideo.jp/a/%E8%B2%9D%E5%8E%9F%E6%80%9C%E5%A5%88
門脇舞以,https://dic.nicovideo.jp/a/%E9%96%80%E8%84%87%E8%88%9E%E4%BB%A5
儀武ゆう子,https://dic.nicovideo.jp/a/%E5%84%80%E6%AD%A6%E3%82%86%E3%81%86%E5%AD%90
小島めぐみ,https://dic.nicovideo.jp/a/%E5%B0%8F%E5%B3%B6%E3%82%81%E3%81%90%E3%81%BF
小平有希,https://dic.nicovideo.jp/a/%E5%B0%8F%E5%B9%B3%E6%9C%89%E5%B8%8C
小林元子,https://dic.nicovideo.jp/a/%E5%B0%8F%E6%9E%97%E5%85%83%E5%AD%90
斎藤千和,https://dic.nicovideo.jp/a/%E6%96%8E%E8%97%A4%E5%8D%83%E5%92%8C
榊原ゆい,https://dic.nicovideo.jp/a/%E6%A6%8A%E5%8E%9F%E3%82%86%E3%81%84
佐藤朱,https://dic.nicovideo.jp/a/%E4%BD%90%E8%97%A4%E6%9C%B1
清水愛,https://dic.nicovideo.jp/a/%E6%B8%85%E6%B0%B4%E6%84%9B
新谷良子,https://dic.nicovideo.jp/a/%E6%96%B0%E8%B0%B7%E8%89%AF%E5%AD%90
Jenya,https://dic.nicovideo.jp/a/Jenya
高橋美佳子,https://dic.nicovideo.jp/a/%E9%AB%98%E6%A9%8B%E7%BE%8E%E4%BD%B3%E5%AD%90
茅原実里,https://dic.nicovideo.jp/a/%E8%8C%85%E5%8E%9F%E5%AE%9F%E9%87%8C
中原麻衣,https://dic.nicovideo.jp/a/%E4%B8%AD%E5%8E%9F%E9%BA%BB%E8%A1%A3
鍋井まき子,https://dic.nicovideo.jp/a/%E9%8D%8B%E4%BA%95%E3%81%BE%E3%81%8D%E5%AD%90
樋口智恵子,https://dic.nicovideo.jp/a/%E6%A8%8B%E5%8F%A3%E6%99%BA%E6%81%B5%E5%AD%90
藤村知可,https://dic.nicovideo.jp/a/%E8%97%A4%E6%9D%91%E7%9F%A5%E5%8F%AF
升望,https://dic.nicovideo.jp/a/%E5%8D%87%E6%9C%9B
松浦チエ,https://dic.nicovideo.jp/a/%E6%9D%BE%E6%B5%A6%E3%83%81%E3%82%A8
村田知沙,https://dic.nicovideo.jp/a/%E6%9D%91%E7%94%B0%E7%9F%A5%E6%B2%99
森永理科,https://dic.nicovideo.jp/a/%E6%A3%AE%E6%B0%B8%E7%90%86%E7%A7%91
榎本温子,https://dic.nicovideo.jp/a/%E6%A6%8E%E6%9C%AC%E6%B8%A9%E5%AD%90
遠藤綾,https://dic.nicovideo.jp/a/%E9%81%A0%E8%97%A4%E7%B6%BE
おみむらまゆこ,https://dic.nicovideo.jp/a/%E3%81%8A%E3%81%BF%E3%82%80%E3%82%89%E3%81%BE%E3%82%86%E3%81%93
甲斐田裕子,https://dic.nicovideo.jp/a/%E7%94%B2%E6%96%90%E7%94%B0%E8%A3%95%E5%AD%90
神崎ちろ,https://dic.nicovideo.jp/a/%E7%A5%9E%E5%B4%8E%E3%81%A1%E3%82%8D
木村まどか,https://dic.nicovideo.jp/a/%E6%9C%A8%E6%9D%91%E3%81%BE%E3%81%A9%E3%81%8B
釘宮理恵,https://dic.nicovideo.jp/a/%E9%87%98%E5%AE%AE%E7%90%86%E6%81%B5
黒河奈美,https://dic.nicovideo.jp/a/%E9%BB%92%E6%B2%B3%E5%A5%88%E7%BE%8E
小林沙苗,https://dic.nicovideo.jp/a/%E5%B0%8F%E6%9E%97%E6%B2%99%E8%8B%97
小林由美子,https://dic.nicovideo.jp/a/%E5%B0%8F%E6%9E%97%E7%94%B1%E7%BE%8E%E5%AD%90
坂本真綾,https://dic.nicovideo.jp/a/%E5%9D%82%E6%9C%AC%E7%9C%9F%E7%B6%BE
立野香菜子,https://dic.nicovideo.jp/a/%E7%AB%8B%E9%87%8E%E9%A6%99%E8%8F%9C%E5%AD%90
成田紗矢香,https://dic.nicovideo.jp/a/%E6%88%90%E7%94%B0%E7%B4%97%E7%9F%A2%E9%A6%99
仁後真耶子,https://dic.nicovideo.jp/a/%E4%BB%81%E5%BE%8C%E7%9C%9F%E8%80%B6%E5%AD%90
能登麻美子,https://dic.nicovideo.jp/a/%E8%83%BD%E7%99%BB%E9%BA%BB%E7%BE%8E%E5%AD%90
長谷優里奈,https://dic.nicovideo.jp/a/%E9%95%B7%E8%B0%B7%E5%84%AA%E9%87%8C%E5%A5%88
水樹奈々,https://dic.nicovideo.jp/a/%E6%B0%B4%E6%A8%B9%E5%A5%88%E3%80%85
水沢史絵,https://dic.nicovideo.jp/a/%E6%B0%B4%E6%B2%A2%E5%8F%B2%E7%B5%B5
吉住梢,https://dic.nicovideo.jp/a/%E5%90%89%E4%BD%8F%E6%A2%A2
石毛佐和,https://dic.nicovideo.jp/a/%E7%9F%B3%E6%AF%9B%E4%BD%90%E5%92%8C
いのくちゆか,https://dic.nicovideo.jp/a/%E3%81%84%E3%81%AE%E3%81%8F%E3%81%A1%E3%82%86%E3%81%8B
神田朱未,https://dic.nicovideo.jp/a/%E7%A5%9E%E7%94%B0%E6%9C%B1%E6%9C%AA
神田理江,https://dic.nicovideo.jp/a/%E7%A5%9E%E7%94%B0%E7%90%86%E6%B1%9F
樹元オリエ,https://dic.nicovideo.jp/a/%E6%A8%B9%E5%85%83%E3%82%AA%E3%83%AA%E3%82%A8
桑谷夏子,https://dic.nicovideo.jp/a/%E6%A1%91%E8%B0%B7%E5%A4%8F%E5%AD%90
小島幸子,https://dic.nicovideo.jp/a/%E5%B0%8F%E5%B3%B6%E5%B9%B8%E5%AD%90
こやまきみこ,https://dic.nicovideo.jp/a/%E3%81%93%E3%82%84%E3%81%BE%E3%81%8D%E3%81%BF%E3%81%93
斉藤梨絵,https://dic.nicovideo.jp/a/%E6%96%89%E8%97%A4%E6%A2%A8%E7%B5%B5
田中理恵,https://dic.nicovideo.jp/a/%E7%94%B0%E4%B8%AD%E7%90%86%E6%81%B5
谷井あすか,https://dic.nicovideo.jp/a/%E8%B0%B7%E4%BA%95%E3%81%82%E3%81%99%E3%81%8B
知桐京子,https://dic.nicovideo.jp/a/%E7%9F%A5%E6%A1%90%E4%BA%AC%E5%AD%90
中島沙樹,https://dic.nicovideo.jp/a/%E4%B8%AD%E5%B3%B6%E6%B2%99%E6%A8%B9
那須めぐみ,https://dic.nicovideo.jp/a/%E9%82%A3%E9%A0%88%E3%82%81%E3%81%90%E3%81%BF
比嘉久美子,https://dic.nicovideo.jp/a/%E6%AF%94%E5%98%89%E4%B9%85%E7%BE%8E%E5%AD%90
本名陽子,https://dic.nicovideo.jp/a/%E6%9C%AC%E5%90%8D%E9%99%BD%E5%AD%90
望月久代,https://dic.nicovideo.jp/a/%E6%9C%9B%E6%9C%88%E4%B9%85%E4%BB%A3
浅野真澄,https://dic.nicovideo.jp/a/%E6%B5%85%E9%87%8E%E7%9C%9F%E6%BE%84
有島モユ,https://dic.nicovideo.jp/a/%E6%9C%89%E5%B3%B6%E3%83%A2%E3%83%A6
石塚さより,https://dic.nicovideo.jp/a/%E7%9F%B3%E5%A1%9A%E3%81%95%E3%82%88%E3%82%8A
壱智村小真,https://dic.nicovideo.jp/a/%E5%A3%B1%E6%99%BA%E6%9D%91%E5%B0%8F%E7%9C%9F
今井麻美,https://dic.nicovideo.jp/a/%E4%BB%8A%E4%BA%95%E9%BA%BB%E7%BE%8E
緒方りお,https://dic.nicovideo.jp/a/%E7%B7%92%E6%96%B9%E3%82%8A%E3%81%8A
緒乃冬華,https://dic.nicovideo.jp/a/%E7%B7%92%E4%B9%83%E5%86%AC%E8%8F%AF
小野涼子,https://dic.nicovideo.jp/a/%E5%B0%8F%E9%87%8E%E6%B6%BC%E5%AD%90
小松由佳,https://dic.nicovideo.jp/a/%E5%B0%8F%E6%9D%BE%E7%94%B1%E4%BD%B3
真田アサミ,https://dic.nicovideo.jp/a/%E7%9C%9F%E7%94%B0%E3%82%A2%E3%82%B5%E3%83%9F
たかはし智秋,https://dic.nicovideo.jp/a/%E3%81%9F%E3%81%8B%E3%81%AF%E3%81%97%E6%99%BA%E7%A7%8B
千葉紗子,https://dic.nicovideo.jp/a/%E5%8D%83%E8%91%89%E7%B4%97%E5%AD%90
豊口めぐみ,https://dic.nicovideo.jp/a/%E8%B1%8A%E5%8F%A3%E3%82%81%E3%81%90%E3%81%BF
西沢広香,https://dic.nicovideo.jp/a/%E8%A5%BF%E6%B2%A2%E5%BA%83%E9%A6%99
野川さくら,https://dic.nicovideo.jp/a/%E9%87%8E%E5%B7%9D%E3%81%95%E3%81%8F%E3%82%89
東山麻美,https://dic.nicovideo.jp/a/%E6%9D%B1%E5%B1%B1%E9%BA%BB%E7%BE%8E
平田宏美,https://dic.nicovideo.jp/a/%E5%B9%B3%E7%94%B0%E5%AE%8F%E7%BE%8E
広橋涼,https://dic.nicovideo.jp/a/%E5%BA%83%E6%A9%8B%E6%B6%BC
松来未祐,https://dic.nicovideo.jp/a/%E6%9D%BE%E6%9D%A5%E6%9C%AA%E7%A5%90
宮原永海,https://dic.nicovideo.jp/a/%E5%AE%AE%E5%8E%9F%E6%B0%B8%E6%B5%B7
桃井はるこ,https://dic.nicovideo.jp/a/%E6%A1%83%E4%BA%95%E3%81%AF%E3%82%8B%E3%81%93
山崎バニラ,https://dic.nicovideo.jp/a/%E5%B1%B1%E5%B4%8E%E3%83%90%E3%83%8B%E3%83%A9
秋谷智子,https://dic.nicovideo.jp/a/%E7%A7%8B%E8%B0%B7%E6%99%BA%E5%AD%90
飯塚雅弓,https://dic.nicovideo.jp/a/%E9%A3%AF%E5%A1%9A%E9%9B%85%E5%BC%93
石松千恵美,https://dic.nicovideo.jp/a/%E7%9F%B3%E6%9D%BE%E5%8D%83%E6%81%B5%E7%BE%8E
河原木志穂,https://dic.nicovideo.jp/a/%E6%B2%B3%E5%8E%9F%E6%9C%A8%E5%BF%97%E7%A9%82
小暮英麻,https://dic.nicovideo.jp/a/%E5%B0%8F%E6%9A%AE%E8%8B%B1%E9%BA%BB
斉藤貴美子,https://dic.nicovideo.jp/a/%E6%96%89%E8%97%A4%E8%B2%B4%E7%BE%8E%E5%AD%90
佐久間紅美,https://dic.nicovideo.jp/a/%E4%BD%90%E4%B9%85%E9%96%93%E7%B4%85%E7%BE%8E
たなかえり,https://dic.nicovideo.jp/a/%E3%81%9F%E3%81%AA%E3%81%8B%E3%81%88%E3%82%8A
徳永愛,https://dic.nicovideo.jp/a/%E5%BE%B3%E6%B0%B8%E6%84%9B
生天目仁美,https://dic.nicovideo.jp/a/%E7%94%9F%E5%A4%A9%E7%9B%AE%E4%BB%81%E7%BE%8E
西川葉月,https://dic.nicovideo.jp/a/%E8%A5%BF%E5%B7%9D%E8%91%89%E6%9C%88
堀江由衣,https://dic.nicovideo.jp/a/%E5%A0%80%E6%B1%9F%E7%94%B1%E8%A1%A3
牧島有希,https://dic.nicovideo.jp/a/%E7%89%A7%E5%B3%B6%E6%9C%89%E5%B8%8C
松元恵,https://dic.nicovideo.jp/a/%E6%9D%BE%E5%85%83%E6%81%B5
間宮くるみ,https://dic.nicovideo.jp/a/%E9%96%93%E5%AE%AE%E3%81%8F%E3%82%8B%E3%81%BF
Minami,https://dic.nicovideo.jp/a/Minami
栗林みな実,https://dic.nicovideo.jp/a/%E6%A0%97%E6%9E%97%E3%81%BF%E3%81%AA%E5%AE%9F
宮川美保,https://dic.nicovideo.jp/a/%E5%AE%AE%E5%B7%9D%E7%BE%8E%E4%BF%9D
青木まゆこ,https://dic.nicovideo.jp/a/%E9%9D%92%E6%9C%A8%E3%81%BE%E3%82%86%E3%81%93
池澤春菜,https://dic.nicovideo.jp/a/%E6%B1%A0%E6%BE%A4%E6%98%A5%E8%8F%9C
大原さやか,https://dic.nicovideo.jp/a/%E5%A4%A7%E5%8E%9F%E3%81%95%E3%82%84%E3%81%8B
大原めぐみ,https://dic.nicovideo.jp/a/%E5%A4%A7%E5%8E%9F%E3%82%81%E3%81%90%E3%81%BF
加藤奈々絵,https://dic.nicovideo.jp/a/%E5%8A%A0%E8%97%A4%E5%A5%88%E3%80%85%E7%B5%B5
川澄綾子,https://dic.nicovideo.jp/a/%E5%B7%9D%E6%BE%84%E7%B6%BE%E5%AD%90
北西純子,https://dic.nicovideo.jp/a/%E5%8C%97%E8%A5%BF%E7%B4%94%E5%AD%90
クリステル・チアリ,https://dic.nicovideo.jp/a/%E3%82%AF%E3%83%AA%E3%82%B9%E3%83%86%E3%83%AB%E3%83%BB%E3%83%81%E3%82%A2%E3%83%AA
桑島法子,https://dic.nicovideo.jp/a/%E6%A1%91%E5%B3%B6%E6%B3%95%E5%AD%90
小西寛子,https://dic.nicovideo.jp/a/%E5%B0%8F%E8%A5%BF%E5%AF%9B%E5%AD%90
今野宏美,https://dic.nicovideo.jp/a/%E4%BB%8A%E9%87%8E%E5%AE%8F%E7%BE%8E
後藤邑子,https://dic.nicovideo.jp/a/%E5%BE%8C%E8%97%A4%E9%82%91%E5%AD%90
鮭延未可,https://dic.nicovideo.jp/a/%E9%AE%AD%E5%BB%B6%E6%9C%AA%E5%8F%AF
沢口千恵,https://dic.nicovideo.jp/a/%E6%B2%A2%E5%8F%A3%E5%8D%83%E6%81%B5
新谷真弓,https://dic.nicovideo.jp/a/%E6%96%B0%E8%B0%B7%E7%9C%9F%E5%BC%93
田畑奈穂美,https://dic.nicovideo.jp/a/%E7%94%B0%E7%95%91%E5%A5%88%E7%A9%82%E7%BE%8E
田村ゆかり,https://dic.nicovideo.jp/a/%E7%94%B0%E6%9D%91%E3%82%86%E3%81%8B%E3%82%8A
綱掛裕美,https://dic.nicovideo.jp/a/%E7%B6%B1%E6%8E%9B%E8%A3%95%E7%BE%8E
友永朱音,https://dic.nicovideo.jp/a/%E5%8F%8B%E6%B0%B8%E6%9C%B1%E9%9F%B3
永井幸子,https://dic.nicovideo.jp/a/%E6%B0%B8%E4%BA%95%E5%B9%B8%E5%AD%90
仲西環,https://dic.nicovideo.jp/a/%E4%BB%B2%E8%A5%BF%E7%92%B0
葉月絵理乃,https://dic.nicovideo.jp/a/%E8%91%89%E6%9C%88%E7%B5%B5%E7%90%86%E4%B9%83
前田愛,https://dic.nicovideo.jp/a/%E5%89%8D%E7%94%B0%E6%84%9B
瑞沢渓,https://dic.nicovideo.jp/a/%E7%91%9E%E6%B2%A2%E6%B8%93
皆川純子,https://dic.nicovideo.jp/a/%E7%9A%86%E5%B7%9D%E7%B4%94%E5%AD%90
村井かずさ,https://dic.nicovideo.jp/a/%E6%9D%91%E4%BA%95%E3%81%8B%E3%81%9A%E3%81%95
山口眞弓,https://dic.nicovideo.jp/a/%E5%B1%B1%E5%8F%A3%E7%9C%9E%E5%BC%93
若林直美,https://dic.nicovideo.jp/a/%E8%8B%A5%E6%9E%97%E7%9B%B4%E7%BE%8E
相田さやか,https://dic.nicovideo.jp/a/%E7%9B%B8%E7%94%B0%E3%81%95%E3%82%84%E3%81%8B
浅井清己,https://dic.nicovideo.jp/a/%E6%B5%85%E4%BA%95%E6%B8%85%E5%B7%B1
浅川悠,https://dic.nicovideo.jp/a/%E6%B5%85%E5%B7%9D%E6%82%A0
奥島和美,https://dic.nicovideo.jp/a/%E5%A5%A5%E5%B3%B6%E5%92%8C%E7%BE%8E
折笠富美子,https://dic.nicovideo.jp/a/%E6%8A%98%E7%AC%A0%E5%AF%8C%E7%BE%8E%E5%AD%90
倖月美和,https://dic.nicovideo.jp/a/%E5%80%96%E6%9C%88%E7%BE%8E%E5%92%8C
小松里歌,https://dic.nicovideo.jp/a/%E5%B0%8F%E6%9D%BE%E9%87%8C%E6%AD%8C
笹島かほる,https://dic.nicovideo.jp/a/%E7%AC%B9%E5%B3%B6%E3%81%8B%E3%81%BB%E3%82%8B
杉本ゆう,https://dic.nicovideo.jp/a/%E6%9D%89%E6%9C%AC%E3%82%86%E3%81%86
高口幸子,https://dic.nicovideo.jp/a/%E9%AB%98%E5%8F%A3%E5%B9%B8%E5%AD%90
千葉千恵巳,https://dic.nicovideo.jp/a/%E5%8D%83%E8%91%89%E5%8D%83%E6%81%B5%E5%B7%B3
千葉麗子,https://dic.nicovideo.jp/a/%E5%8D%83%E8%91%89%E9%BA%97%E5%AD%90
辻裕子,https://dic.nicovideo.jp/a/%E8%BE%BB%E8%A3%95%E5%AD%90
永田亮子,https://dic.nicovideo.jp/a/%E6%B0%B8%E7%94%B0%E4%BA%AE%E5%AD%90
早水リサ,https://dic.nicovideo.jp/a/%E6%97%A9%E6%B0%B4%E3%83%AA%E3%82%B5
水田わさび,https://dic.nicovideo.jp/a/%E6%B0%B4%E7%94%B0%E3%82%8F%E3%81%95%E3%81%B3
水橋かおり,https://dic.nicovideo.jp/a/%E6%B0%B4%E6%A9%8B%E3%81%8B%E3%81%8A%E3%82%8A
本村真生,https://dic.nicovideo.jp/a/%E6%9C%AC%E6%9D%91%E7%9C%9F%E7%94%9F
ゆかな,https://dic.nicovideo.jp/a/%E3%82%86%E3%81%8B%E3%81%AA
かかずゆみ,https://dic.nicovideo.jp/a/%E3%81%8B%E3%81%8B%E3%81%9A%E3%82%86%E3%81%BF
金田朋子,https://dic.nicovideo.jp/a/%E9%87%91%E7%94%B0%E6%9C%8B%E5%AD%90
小林愛,https://dic.nicovideo.jp/a/%E5%B0%8F%E6%9E%97%E6%84%9B
斎賀みつき,https://dic.nicovideo.jp/a/%E6%96%8E%E8%B3%80%E3%81%BF%E3%81%A4%E3%81%8D
椎名へきる,https://dic.nicovideo.jp/a/%E6%A4%8E%E5%90%8D%E3%81%B8%E3%81%8D%E3%82%8B
宍戸留美,https://dic.nicovideo.jp/a/%E5%AE%8D%E6%88%B8%E7%95%99%E7%BE%8E
高木礼子,https://dic.nicovideo.jp/a/%E9%AB%98%E6%9C%A8%E7%A4%BC%E5%AD%90
高森奈緒,https://dic.nicovideo.jp/a/%E9%AB%98%E6%A3%AE%E5%A5%88%E7%B7%92
田口宏子,https://dic.nicovideo.jp/a/%E7%94%B0%E5%8F%A3%E5%AE%8F%E5%AD%90
橘ひかり,https://dic.nicovideo.jp/a/%E6%A9%98%E3%81%B2%E3%81%8B%E3%82%8A
田中涼子,https://dic.nicovideo.jp/a/%E7%94%B0%E4%B8%AD%E6%B6%BC%E5%AD%90
中川亜紀子,https://dic.nicovideo.jp/a/%E4%B8%AD%E5%B7%9D%E4%BA%9C%E7%B4%80%E5%AD%90
中川里江,https://dic.nicovideo.jp/a/%E4%B8%AD%E5%B7%9D%E9%87%8C%E6%B1%9F
氷青,https://dic.nicovideo.jp/a/%E6%B0%B7%E9%9D%92
山田みほ,https://dic.nicovideo.jp/a/%E5%B1%B1%E7%94%B0%E3%81%BF%E3%81%BB
柚木涼香,https://dic.nicovideo.jp/a/%E6%9F%9A%E6%9C%A8%E6%B6%BC%E9%A6%99
あおきさやか,https://dic.nicovideo.jp/a/%E3%81%82%E3%81%8A%E3%81%8D%E3%81%95%E3%82%84%E3%81%8B
大野まりな,https://dic.nicovideo.jp/a/%E5%A4%A7%E9%87%8E%E3%81%BE%E3%82%8A%E3%81%AA
大本眞基子,https://dic.nicovideo.jp/a/%E5%A4%A7%E6%9C%AC%E7%9C%9E%E5%9F%BA%E5%AD%90
小菅真美,https://dic.nicovideo.jp/a/%E5%B0%8F%E8%8F%85%E7%9C%9F%E7%BE%8E
サエキトモ,https://dic.nicovideo.jp/a/%E3%82%B5%E3%82%A8%E3%82%AD%E3%83%88%E3%83%A2
笹本優子,https://dic.nicovideo.jp/a/%E7%AC%B9%E6%9C%AC%E5%84%AA%E5%AD%90
進藤尚美,https://dic.nicovideo.jp/a/%E9%80%B2%E8%97%A4%E5%B0%9A%E7%BE%8E
鈴木真仁,https://dic.nicovideo.jp/a/%E9%88%B4%E6%9C%A8%E7%9C%9F%E4%BB%81
園崎未恵,https://dic.nicovideo.jp/a/%E5%9C%92%E5%B4%8E%E6%9C%AA%E6%81%B5
竹内順子,https://dic.nicovideo.jp/a/%E7%AB%B9%E5%86%85%E9%A0%86%E5%AD%90
橘U子,https://dic.nicovideo.jp/a/%E6%A9%98U%E5%AD%90
丹下桜,https://dic.nicovideo.jp/a/%E4%B8%B9%E4%B8%8B%E6%A1%9C
七緒はるひ,https://dic.nicovideo.jp/a/%E4%B8%83%E7%B7%92%E3%81%AF%E3%82%8B%E3%81%B2
半場友恵,https://dic.nicovideo.jp/a/%E5%8D%8A%E5%A0%B4%E5%8F%8B%E6%81%B5
本田貴子,https://dic.nicovideo.jp/a/%E6%9C%AC%E7%94%B0%E8%B2%B4%E5%AD%90
増田ゆき,https://dic.nicovideo.jp/a/%E5%A2%97%E7%94%B0%E3%82%86%E3%81%8D
松本さち,https://dic.nicovideo.jp/a/%E6%9D%BE%E6%9C%AC%E3%81%95%E3%81%A1
宮村優子,https://dic.nicovideo.jp/a/%E5%AE%AE%E6%9D%91%E5%84%AA%E5%AD%90
岩居由希子,https://dic.nicovideo.jp/a/%E5%B2%A9%E5%B1%85%E7%94%B1%E5%B8%8C%E5%AD%90
木村亜希子,https://dic.nicovideo.jp/a/%E6%9C%A8%E6%9D%91%E4%BA%9C%E5%B8%8C%E5%AD%90
櫻井智,https://dic.nicovideo.jp/a/%E6%AB%BB%E4%BA%95%E6%99%BA
豊嶋真千子,https://dic.nicovideo.jp/a/%E8%B1%8A%E5%B6%8B%E7%9C%9F%E5%8D%83%E5%AD%90
永澤菜教,https://dic.nicovideo.jp/a/%E6%B0%B8%E6%BE%A4%E8%8F%9C%E6%95%99
野田順子,https://dic.nicovideo.jp/a/%E9%87%8E%E7%94%B0%E9%A0%86%E5%AD%90
萩原えみこ,https://dic.nicovideo.jp/a/%E8%90%A9%E5%8E%9F%E3%81%88%E3%81%BF%E3%81%93
朴璐美,https://dic.nicovideo.jp/a/%E6%9C%B4%E7%92%90%E7%BE%8E
三浦七緒子,https://dic.nicovideo.jp/a/%E4%B8%89%E6%B5%A6%E4%B8%83%E7%B7%92%E5%AD%90
本井えみ,https://dic.nicovideo.jp/a/%E6%9C%AC%E4%BA%95%E3%81%88%E3%81%BF
茂呂田かおる,https://dic.nicovideo.jp/a/%E8%8C%82%E5%91%82%E7%94%B0%E3%81%8B%E3%81%8A%E3%82%8B
やなせなつみ,https://dic.nicovideo.jp/a/%E3%82%84%E3%81%AA%E3%81%9B%E3%81%AA%E3%81%A4%E3%81%BF
石川静,https://dic.nicovideo.jp/a/%E7%9F%B3%E5%B7%9D%E9%9D%99
今井由香,https://dic.nicovideo.jp/a/%E4%BB%8A%E4%BA%95%E7%94%B1%E9%A6%99
引退,https://dic.nicovideo.jp/a/%E5%BC%95%E9%80%80
川上とも子,https://dic.nicovideo.jp/a/%E5%B7%9D%E4%B8%8A%E3%81%A8%E3%82%82%E5%AD%90
くまいもとこ,https://dic.nicovideo.jp/a/%E3%81%8F%E3%81%BE%E3%81%84%E3%82%82%E3%81%A8%E3%81%93
小桜エツコ,https://dic.nicovideo.jp/a/%E5%B0%8F%E6%A1%9C%E3%82%A8%E3%83%84%E3%82%B3
佐藤ひろ美,https://dic.nicovideo.jp/a/%E4%BD%90%E8%97%A4%E3%81%B2%E3%82%8D%E7%BE%8E
佐藤ゆうこ,https://dic.nicovideo.jp/a/%E4%BD%90%E8%97%A4%E3%82%86%E3%81%86%E3%81%93
長沢美樹,https://dic.nicovideo.jp/a/%E9%95%B7%E6%B2%A2%E7%BE%8E%E6%A8%B9
永島由子,https://dic.nicovideo.jp/a/%E6%B0%B8%E5%B3%B6%E7%94%B1%E5%AD%90
西村ちなみ,https://dic.nicovideo.jp/a/%E8%A5%BF%E6%9D%91%E3%81%A1%E3%81%AA%E3%81%BF
松岡由貴,https://dic.nicovideo.jp/a/%E6%9D%BE%E5%B2%A1%E7%94%B1%E8%B2%B4
ゆきのさつき,https://dic.nicovideo.jp/a/%E3%82%86%E3%81%8D%E3%81%AE%E3%81%95%E3%81%A4%E3%81%8D
LiLiCo,https://dic.nicovideo.jp/a/LiLiCo
生駒治美,https://dic.nicovideo.jp/a/%E7%94%9F%E9%A7%92%E6%B2%BB%E7%BE%8E
岩男潤子,https://dic.nicovideo.jp/a/%E5%B2%A9%E7%94%B7%E6%BD%A4%E5%AD%90
笠原弘子,https://dic.nicovideo.jp/a/%E7%AC%A0%E5%8E%9F%E5%BC%98%E5%AD%90
笠原留美,https://dic.nicovideo.jp/a/%E7%AC%A0%E5%8E%9F%E7%95%99%E7%BE%8E
倉田雅世,https://dic.nicovideo.jp/a/%E5%80%89%E7%94%B0%E9%9B%85%E4%B8%96
國府田マリ子,https://dic.nicovideo.jp/a/%E5%9C%8B%E5%BA%9C%E7%94%B0%E3%83%9E%E3%83%AA%E5%AD%90
志賀真理子,https://dic.nicovideo.jp/a/%E5%BF%97%E8%B3%80%E7%9C%9F%E7%90%86%E5%AD%90
嶋村カオル,https://dic.nicovideo.jp/a/%E5%B6%8B%E6%9D%91%E3%82%AB%E3%82%AA%E3%83%AB
鈴木麻里子,https://dic.nicovideo.jp/a/%E9%88%B4%E6%9C%A8%E9%BA%BB%E9%87%8C%E5%AD%90
新山志保,https://dic.nicovideo.jp/a/%E6%96%B0%E5%B1%B1%E5%BF%97%E4%BF%9D
松谷彼哉,https://dic.nicovideo.jp/a/%E6%9D%BE%E8%B0%B7%E5%BD%BC%E5%93%89
南かおり,https://dic.nicovideo.jp/a/%E5%8D%97%E3%81%8B%E3%81%8A%E3%82%8A
横山智佐,https://dic.nicovideo.jp/a/%E6%A8%AA%E5%B1%B1%E6%99%BA%E4%BD%90
伊東みやこ,https://dic.nicovideo.jp/a/%E4%BC%8A%E6%9D%B1%E3%81%BF%E3%82%84%E3%81%93
入絵加奈子,https://dic.nicovideo.jp/a/%E5%85%A5%E7%B5%B5%E5%8A%A0%E5%A5%88%E5%AD%90
岡村明美,https://dic.nicovideo.jp/a/%E5%B2%A1%E6%9D%91%E6%98%8E%E7%BE%8E
木内レイコ,https://dic.nicovideo.jp/a/%E6%9C%A8%E5%86%85%E3%83%AC%E3%82%A4%E3%82%B3
白鳥由里,https://dic.nicovideo.jp/a/%E7%99%BD%E9%B3%A5%E7%94%B1%E9%87%8C
住友優子,https://dic.nicovideo.jp/a/%E4%BD%8F%E5%8F%8B%E5%84%AA%E5%AD%90
曽木亜古弥,https://dic.nicovideo.jp/a/%E6%9B%BD%E6%9C%A8%E4%BA%9C%E5%8F%A4%E5%BC%A5
高野直子,https://dic.nicovideo.jp/a/%E9%AB%98%E9%87%8E%E7%9B%B4%E5%AD%90
田野めぐみ,https://dic.nicovideo.jp/a/%E7%94%B0%E9%87%8E%E3%82%81%E3%81%90%E3%81%BF
夏樹リオ,https://dic.nicovideo.jp/a/%E5%A4%8F%E6%A8%B9%E3%83%AA%E3%82%AA
氷上恭子,https://dic.nicovideo.jp/a/%E6%B0%B7%E4%B8%8A%E6%81%AD%E5%AD%90
久川綾,https://dic.nicovideo.jp/a/%E4%B9%85%E5%B7%9D%E7%B6%BE
渕崎ゆり子,https://dic.nicovideo.jp/a/%E6%B8%95%E5%B4%8E%E3%82%86%E3%82%8A%E5%AD%90
松本梨香,https://dic.nicovideo.jp/a/%E6%9D%BE%E6%9C%AC%E6%A2%A8%E9%A6%99
南央美,https://dic.nicovideo.jp/a/%E5%8D%97%E5%A4%AE%E7%BE%8E
米本千珠,https://dic.nicovideo.jp/a/%E7%B1%B3%E6%9C%AC%E5%8D%83%E7%8F%A0
愛河里花子,https://dic.nicovideo.jp/a/%E6%84%9B%E6%B2%B3%E9%87%8C%E8%8A%B1%E5%AD%90
麻生かほ里,https://dic.nicovideo.jp/a/%E9%BA%BB%E7%94%9F%E3%81%8B%E3%81%BB%E9%87%8C
井上美紀,https://dic.nicovideo.jp/a/%E4%BA%95%E4%B8%8A%E7%BE%8E%E7%B4%80
亀井芳子,https://dic.nicovideo.jp/a/%E4%BA%80%E4%BA%95%E8%8A%B3%E5%AD%90
小山裕香,https://dic.nicovideo.jp/a/%E5%B0%8F%E5%B1%B1%E8%A3%95%E9%A6%99
高橋理恵子,https://dic.nicovideo.jp/a/%E9%AB%98%E6%A9%8B%E7%90%86%E6%81%B5%E5%AD%90
瀧本富士子,https://dic.nicovideo.jp/a/%E7%80%A7%E6%9C%AC%E5%AF%8C%E5%A3%AB%E5%AD%90
日高奈留美,https://dic.nicovideo.jp/a/%E6%97%A5%E9%AB%98%E5%A5%88%E7%95%99%E7%BE%8E
平松晶子,https://dic.nicovideo.jp/a/%E5%B9%B3%E6%9D%BE%E6%99%B6%E5%AD%90
三石琴乃,https://dic.nicovideo.jp/a/%E4%B8%89%E7%9F%B3%E7%90%B4%E4%B9%83
矢島晶子,https://dic.nicovideo.jp/a/%E7%9F%A2%E5%B3%B6%E6%99%B6%E5%AD%90
遊魚静,https://dic.nicovideo.jp/a/%E9%81%8A%E9%AD%9A%E9%9D%99
吉田小南美,https://dic.nicovideo.jp/a/%E5%90%89%E7%94%B0%E5%B0%8F%E5%8D%97%E7%BE%8E
荒木香衣,https://dic.nicovideo.jp/a/%E8%8D%92%E6%9C%A8%E9%A6%99%E8%A1%A3
岡本麻弥,https://dic.nicovideo.jp/a/%E5%B2%A1%E6%9C%AC%E9%BA%BB%E5%BC%A5
冬馬由美,https://dic.nicovideo.jp/a/%E5%86%AC%E9%A6%AC%E7%94%B1%E7%BE%8E
冨永みーな,https://dic.nicovideo.jp/a/%E5%86%A8%E6%B0%B8%E3%81%BF%E3%83%BC%E3%81%AA
林原めぐみ,https://dic.nicovideo.jp/a/%E6%9E%97%E5%8E%9F%E3%82%81%E3%81%90%E3%81%BF
ひと美,https://dic.nicovideo.jp/a/%E3%81%B2%E3%81%A8%E7%BE%8E
皆口裕子,https://dic.nicovideo.jp/a/%E7%9A%86%E5%8F%A3%E8%A3%95%E5%AD%90
天野由梨,https://dic.nicovideo.jp/a/%E5%A4%A9%E9%87%8E%E7%94%B1%E6%A2%A8
犬山イヌコ,https://dic.nicovideo.jp/a/%E7%8A%AC%E5%B1%B1%E3%82%A4%E3%83%8C%E3%82%B3
大谷育江,https://dic.nicovideo.jp/a/%E5%A4%A7%E8%B0%B7%E8%82%B2%E6%B1%9F
緒方恵美,https://dic.nicovideo.jp/a/%E7%B7%92%E6%96%B9%E6%81%B5%E7%BE%8E
金月真美,https://dic.nicovideo.jp/a/%E9%87%91%E6%9C%88%E7%9C%9F%E7%BE%8E
神宮司弥生,https://dic.nicovideo.jp/a/%E7%A5%9E%E5%AE%AE%E5%8F%B8%E5%BC%A5%E7%94%9F
鈴木晶子,https://dic.nicovideo.jp/a/%E9%88%B4%E6%9C%A8%E6%99%B6%E5%AD%90
沢海陽子,https://dic.nicovideo.jp/a/%E6%B2%A2%E6%B5%B7%E9%99%BD%E5%AD%90
津村まこと,https://dic.nicovideo.jp/a/%E6%B4%A5%E6%9D%91%E3%81%BE%E3%81%93%E3%81%A8
西原久美子,https://dic.nicovideo.jp/a/%E8%A5%BF%E5%8E%9F%E4%B9%85%E7%BE%8E%E5%AD%90
根谷美智子,https://dic.nicovideo.jp/a/%E6%A0%B9%E8%B0%B7%E7%BE%8E%E6%99%BA%E5%AD%90
山口由里子,https://dic.nicovideo.jp/a/%E5%B1%B1%E5%8F%A3%E7%94%B1%E9%87%8C%E5%AD%90
渡辺久美子,https://dic.nicovideo.jp/a/%E6%B8%A1%E8%BE%BA%E4%B9%85%E7%BE%8E%E5%AD%90
井上あずみ,https://dic.nicovideo.jp/a/%E4%BA%95%E4%B8%8A%E3%81%82%E3%81%9A%E3%81%BF
井上喜久子,https://dic.nicovideo.jp/a/%E4%BA%95%E4%B8%8A%E5%96%9C%E4%B9%85%E5%AD%90
川田妙子,https://dic.nicovideo.jp/a/%E5%B7%9D%E7%94%B0%E5%A6%99%E5%AD%90
佐久間レイ,https://dic.nicovideo.jp/a/%E4%BD%90%E4%B9%85%E9%96%93%E3%83%AC%E3%82%A4
佐藤智恵,https://dic.nicovideo.jp/a/%E4%BD%90%E8%97%A4%E6%99%BA%E6%81%B5
荘真由美,https://dic.nicovideo.jp/a/%E8%8D%98%E7%9C%9F%E7%94%B1%E7%BE%8E
引退,https://dic.nicovideo.jp/a/%E5%BC%95%E9%80%80
杉本沙織,https://dic.nicovideo.jp/a/%E6%9D%89%E6%9C%AC%E6%B2%99%E7%B9%94
高山みなみ,https://dic.nicovideo.jp/a/%E9%AB%98%E5%B1%B1%E3%81%BF%E3%81%AA%E3%81%BF
鉄炮塚葉子,https://dic.nicovideo.jp/a/%E9%89%84%E7%82%AE%E5%A1%9A%E8%91%89%E5%AD%90
萩森侚子,https://dic.nicovideo.jp/a/%E8%90%A9%E6%A3%AE%E4%BE%9A%E5%AD%90
水谷優子,https://dic.nicovideo.jp/a/%E6%B0%B4%E8%B0%B7%E5%84%AA%E5%AD%90
山崎和佳奈,https://dic.nicovideo.jp/a/%E5%B1%B1%E5%B4%8E%E5%92%8C%E4%BD%B3%E5%A5%88
渡辺美佐,https://dic.nicovideo.jp/a/%E6%B8%A1%E8%BE%BA%E7%BE%8E%E4%BD%90
飯島真理,https://dic.nicovideo.jp/a/%E9%A3%AF%E5%B3%B6%E7%9C%9F%E7%90%86
折笠愛,https://dic.nicovideo.jp/a/%E6%8A%98%E7%AC%A0%E6%84%9B
かないみか,https://dic.nicovideo.jp/a/%E3%81%8B%E3%81%AA%E3%81%84%E3%81%BF%E3%81%8B
篠原恵美,https://dic.nicovideo.jp/a/%E7%AF%A0%E5%8E%9F%E6%81%B5%E7%BE%8E
白石文子,https://dic.nicovideo.jp/a/%E7%99%BD%E7%9F%B3%E6%96%87%E5%AD%90
引退,https://dic.nicovideo.jp/a/%E5%BC%95%E9%80%80
鷹森淑乃,https://dic.nicovideo.jp/a/%E9%B7%B9%E6%A3%AE%E6%B7%91%E4%B9%83
深見梨加,https://dic.nicovideo.jp/a/%E6%B7%B1%E8%A6%8B%E6%A2%A8%E5%8A%A0
五十嵐麗,https://dic.nicovideo.jp/a/%E4%BA%94%E5%8D%81%E5%B5%90%E9%BA%97
伊藤美紀,https://dic.nicovideo.jp/a/%E4%BC%8A%E8%97%A4%E7%BE%8E%E7%B4%80
こおろぎさとみ,https://dic.nicovideo.jp/a/%E3%81%93%E3%81%8A%E3%82%8D%E3%81%8E%E3%81%95%E3%81%A8%E3%81%BF
田中敦子,https://dic.nicovideo.jp/a/%E7%94%B0%E4%B8%AD%E6%95%A6%E5%AD%90
津田匠子,https://dic.nicovideo.jp/a/%E6%B4%A5%E7%94%B0%E5%8C%A0%E5%AD%90
中友子,https://dic.nicovideo.jp/a/%E4%B8%AD%E5%8F%8B%E5%AD%90
日髙のり子,https://dic.nicovideo.jp/a/%E6%97%A5%E9%AB%99%E3%81%AE%E3%82%8A%E5%AD%90
本多知恵子,https://dic.nicovideo.jp/a/%E6%9C%AC%E5%A4%9A%E7%9F%A5%E6%81%B5%E5%AD%90
石川寛美,https://dic.nicovideo.jp/a/%E7%9F%B3%E5%B7%9D%E5%AF%9B%E7%BE%8E
川村万梨阿,https://dic.nicovideo.jp/a/%E5%B7%9D%E6%9D%91%E4%B8%87%E6%A2%A8%E9%98%BF
笹木綾子,https://dic.nicovideo.jp/a/%E7%AC%B9%E6%9C%A8%E7%B6%BE%E5%AD%90
佐々木優子,https://dic.nicovideo.jp/a/%E4%BD%90%E3%80%85%E6%9C%A8%E5%84%AA%E5%AD%90
高田由美,https://dic.nicovideo.jp/a/%E9%AB%98%E7%94%B0%E7%94%B1%E7%BE%8E
高乃麗,https://dic.nicovideo.jp/a/%E9%AB%98%E4%B9%83%E9%BA%97
高橋美紀,https://dic.nicovideo.jp/a/%E9%AB%98%E6%A9%8B%E7%BE%8E%E7%B4%80
玉川砂記子,https://dic.nicovideo.jp/a/%E7%8E%89%E5%B7%9D%E7%A0%82%E8%A8%98%E5%AD%90
津野田なるみ,https://dic.nicovideo.jp/a/%E6%B4%A5%E9%87%8E%E7%94%B0%E3%81%AA%E3%82%8B%E3%81%BF
富沢美智恵,https://dic.nicovideo.jp/a/%E5%AF%8C%E6%B2%A2%E7%BE%8E%E6%99%BA%E6%81%B5
松井菜桜子,https://dic.nicovideo.jp/a/%E6%9D%BE%E4%BA%95%E8%8F%9C%E6%A1%9C%E5%AD%90
江森浩子,https://dic.nicovideo.jp/a/%E6%B1%9F%E6%A3%AE%E6%B5%A9%E5%AD%90
くじら（声優）,https://dic.nicovideo.jp/a/%E3%81%8F%E3%81%98%E3%82%89%EF%BC%88%E5%A3%B0%E5%84%AA%EF%BC%89
神代知衣,https://dic.nicovideo.jp/a/%E7%A5%9E%E4%BB%A3%E7%9F%A5%E8%A1%A3
小林優子,https://dic.nicovideo.jp/a/%E5%B0%8F%E6%9E%97%E5%84%AA%E5%AD%90
涼風真世,https://dic.nicovideo.jp/a/%E6%B6%BC%E9%A2%A8%E7%9C%9F%E4%B8%96
TARAKO,https://dic.nicovideo.jp/a/TARAKO
丸山真奈実,https://dic.nicovideo.jp/a/%E4%B8%B8%E5%B1%B1%E7%9C%9F%E5%A5%88%E5%AE%9F
荒川美奈子,https://dic.nicovideo.jp/a/%E8%8D%92%E5%B7%9D%E7%BE%8E%E5%A5%88%E5%AD%90
小森まなみ,https://dic.nicovideo.jp/a/%E5%B0%8F%E6%A3%AE%E3%81%BE%E3%81%AA%E3%81%BF
坂本千夏,https://dic.nicovideo.jp/a/%E5%9D%82%E6%9C%AC%E5%8D%83%E5%A4%8F
島津冴子,https://dic.nicovideo.jp/a/%E5%B3%B6%E6%B4%A5%E5%86%B4%E5%AD%90
鶴ひろみ,https://dic.nicovideo.jp/a/%E9%B6%B4%E3%81%B2%E3%82%8D%E3%81%BF
ならはしみき,https://dic.nicovideo.jp/a/%E3%81%AA%E3%82%89%E3%81%AF%E3%81%97%E3%81%BF%E3%81%8D
原えりこ,https://dic.nicovideo.jp/a/%E5%8E%9F%E3%81%88%E3%82%8A%E3%81%93
日比野朱里,https://dic.nicovideo.jp/a/%E6%97%A5%E6%AF%94%E9%87%8E%E6%9C%B1%E9%87%8C
引退,https://dic.nicovideo.jp/a/%E5%BC%95%E9%80%80
真柴摩利,https://dic.nicovideo.jp/a/%E7%9C%9F%E6%9F%B4%E6%91%A9%E5%88%A9
深雪さなえ,https://dic.nicovideo.jp/a/%E6%B7%B1%E9%9B%AA%E3%81%95%E3%81%AA%E3%81%88
山田ふしぎ,https://dic.nicovideo.jp/a/%E5%B1%B1%E7%94%B0%E3%81%B5%E3%81%97%E3%81%8E
渡辺菜生子,https://dic.nicovideo.jp/a/%E6%B8%A1%E8%BE%BA%E8%8F%9C%E7%94%9F%E5%AD%90
安達忍,https://dic.nicovideo.jp/a/%E5%AE%89%E9%81%94%E5%BF%8D
伊倉一恵,https://dic.nicovideo.jp/a/%E4%BC%8A%E5%80%89%E4%B8%80%E6%81%B5
一龍斎貞友,https://dic.nicovideo.jp/a/%E4%B8%80%E9%BE%8D%E6%96%8E%E8%B2%9E%E5%8F%8B
勝生真沙子,https://dic.nicovideo.jp/a/%E5%8B%9D%E7%94%9F%E7%9C%9F%E6%B2%99%E5%AD%90
戸田恵子,https://dic.nicovideo.jp/a/%E6%88%B8%E7%94%B0%E6%81%B5%E5%AD%90
榊原良子,https://dic.nicovideo.jp/a/%E6%A6%8A%E5%8E%9F%E8%89%AF%E5%AD%90
紗ゆり,https://dic.nicovideo.jp/a/%E7%B4%97%E3%82%86%E3%82%8A
堀江美都子,https://dic.nicovideo.jp/a/%E5%A0%80%E6%B1%9F%E7%BE%8E%E9%83%BD%E5%AD%90
鵜飼るみ子,https://dic.nicovideo.jp/a/%E9%B5%9C%E9%A3%BC%E3%82%8B%E3%81%BF%E5%AD%90
鈴木富子,https://dic.nicovideo.jp/a/%E9%88%B4%E6%9C%A8%E5%AF%8C%E5%AD%90
平野文,https://dic.nicovideo.jp/a/%E5%B9%B3%E9%87%8E%E6%96%87
小山茉美,https://dic.nicovideo.jp/a/%E5%B0%8F%E5%B1%B1%E8%8C%89%E7%BE%8E
島本須美,https://dic.nicovideo.jp/a/%E5%B3%B6%E6%9C%AC%E9%A0%88%E7%BE%8E
田中真弓,https://dic.nicovideo.jp/a/%E7%94%B0%E4%B8%AD%E7%9C%9F%E5%BC%93
土井美加,https://dic.nicovideo.jp/a/%E5%9C%9F%E4%BA%95%E7%BE%8E%E5%8A%A0
松岡洋子,https://dic.nicovideo.jp/a/%E6%9D%BE%E5%B2%A1%E6%B4%8B%E5%AD%90
三田ゆう子,https://dic.nicovideo.jp/a/%E4%B8%89%E7%94%B0%E3%82%86%E3%81%86%E5%AD%90
杉本るみ,https://dic.nicovideo.jp/a/%E6%9D%89%E6%9C%AC%E3%82%8B%E3%81%BF
高島雅羅,https://dic.nicovideo.jp/a/%E9%AB%98%E5%B3%B6%E9%9B%85%E7%BE%85
潘恵子,https://dic.nicovideo.jp/a/%E6%BD%98%E6%81%B5%E5%AD%90
一龍斎春水,https://dic.nicovideo.jp/a/%E4%B8%80%E9%BE%8D%E6%96%8E%E6%98%A5%E6%B0%B4
滝沢久美子,https://dic.nicovideo.jp/a/%E6%BB%9D%E6%B2%A2%E4%B9%85%E7%BE%8E%E5%AD%90
よこざわけい子,https://dic.nicovideo.jp/a/%E3%82%88%E3%81%93%E3%81%96%E3%82%8F%E3%81%91%E3%81%84%E5%AD%90
引退,https://dic.nicovideo.jp/a/%E5%BC%95%E9%80%80
横尾まり,https://dic.nicovideo.jp/a/%E6%A8%AA%E5%B0%BE%E3%81%BE%E3%82%8A
藤田淑子,https://dic.nicovideo.jp/a/%E8%97%A4%E7%94%B0%E6%B7%91%E5%AD%90
一城みゆ希,https://dic.nicovideo.jp/a/%E4%B8%80%E5%9F%8E%E3%81%BF%E3%82%86%E5%B8%8C
吉田理保子,https://dic.nicovideo.jp/a/%E5%90%89%E7%94%B0%E7%90%86%E4%BF%9D%E5%AD%90
引退,https://dic.nicovideo.jp/a/%E5%BC%95%E9%80%80
青木和代,https://dic.nicovideo.jp/a/%E9%9D%92%E6%9C%A8%E5%92%8C%E4%BB%A3
杉山佳寿子,https://dic.nicovideo.jp/a/%E6%9D%89%E5%B1%B1%E4%BD%B3%E5%AF%BF%E5%AD%90
井上瑤,https://dic.nicovideo.jp/a/%E4%BA%95%E4%B8%8A%E7%91%A4
上田みゆき,https://dic.nicovideo.jp/a/%E4%B8%8A%E7%94%B0%E3%81%BF%E3%82%86%E3%81%8D
恵比寿まさ子,https://dic.nicovideo.jp/a/%E6%81%B5%E6%AF%94%E5%AF%BF%E3%81%BE%E3%81%95%E5%AD%90
鈴木れい子,https://dic.nicovideo.jp/a/%E9%88%B4%E6%9C%A8%E3%82%8C%E3%81%84%E5%AD%90
鈴木弘子,https://dic.nicovideo.jp/a/%E9%88%B4%E6%9C%A8%E5%BC%98%E5%AD%90
松尾佳子,https://dic.nicovideo.jp/a/%E6%9D%BE%E5%B0%BE%E4%BD%B3%E5%AD%90
三輪勝恵,https://dic.nicovideo.jp/a/%E4%B8%89%E8%BC%AA%E5%8B%9D%E6%81%B5
山本圭子,https://dic.nicovideo.jp/a/%E5%B1%B1%E6%9C%AC%E5%9C%AD%E5%AD%90
火野カチ子,https://dic.nicovideo.jp/a/%E7%81%AB%E9%87%8E%E3%82%AB%E3%83%81%E5%AD%90
堀絢子,https://dic.nicovideo.jp/a/%E5%A0%80%E7%B5%A2%E5%AD%90
貴家堂子,https://dic.nicovideo.jp/a/%E8%B2%B4%E5%AE%B6%E5%A0%82%E5%AD%90
二階堂有希子,https://dic.nicovideo.jp/a/%E4%BA%8C%E9%9A%8E%E5%A0%82%E6%9C%89%E5%B8%8C%E5%AD%90
引退,https://dic.nicovideo.jp/a/%E5%BC%95%E9%80%80
松島みのり,https://dic.nicovideo.jp/a/%E6%9D%BE%E5%B3%B6%E3%81%BF%E3%81%AE%E3%82%8A
桂玲子,https://dic.nicovideo.jp/a/%E6%A1%82%E7%8E%B2%E5%AD%90
加藤みどり,https://dic.nicovideo.jp/a/%E5%8A%A0%E8%97%A4%E3%81%BF%E3%81%A9%E3%82%8A
谷育子,https://dic.nicovideo.jp/a/%E8%B0%B7%E8%82%B2%E5%AD%90
池田昌子,https://dic.nicovideo.jp/a/%E6%B1%A0%E7%94%B0%E6%98%8C%E5%AD%90
北浜晴子,https://dic.nicovideo.jp/a/%E5%8C%97%E6%B5%9C%E6%99%B4%E5%AD%90
此島愛子,https://dic.nicovideo.jp/a/%E6%AD%A4%E5%B3%B6%E6%84%9B%E5%AD%90
曽我町子,https://dic.nicovideo.jp/a/%E6%9B%BD%E6%88%91%E7%94%BA%E5%AD%90
千々松幸子,https://dic.nicovideo.jp/a/%E5%8D%83%E3%80%85%E6%9D%BE%E5%B9%B8%E5%AD%90
野村道子,https://dic.nicovideo.jp/a/%E9%87%8E%E6%9D%91%E9%81%93%E5%AD%90
向井真理子,https://dic.nicovideo.jp/a/%E5%90%91%E4%BA%95%E7%9C%9F%E7%90%86%E5%AD%90
沢田敏子,https://dic.nicovideo.jp/a/%E6%B2%A2%E7%94%B0%E6%95%8F%E5%AD%90
白石冬美,https://dic.nicovideo.jp/a/%E7%99%BD%E7%9F%B3%E5%86%AC%E7%BE%8E
坪井章子,https://dic.nicovideo.jp/a/%E5%9D%AA%E4%BA%95%E7%AB%A0%E5%AD%90
野沢雅子,https://dic.nicovideo.jp/a/%E9%87%8E%E6%B2%A2%E9%9B%85%E5%AD%90
増山江威子,https://dic.nicovideo.jp/a/%E5%A2%97%E5%B1%B1%E6%B1%9F%E5%A8%81%E5%AD%90
市原悦子,https://dic.nicovideo.jp/a/%E5%B8%82%E5%8E%9F%E6%82%A6%E5%AD%90
小原乃梨子,https://dic.nicovideo.jp/a/%E5%B0%8F%E5%8E%9F%E4%B9%83%E6%A2%A8%E5%AD%90
白川澄子,https://dic.nicovideo.jp/a/%E7%99%BD%E5%B7%9D%E6%BE%84%E5%AD%90
平井道子,https://dic.nicovideo.jp/a/%E5%B9%B3%E4%BA%95%E9%81%93%E5%AD%90
喜多道枝,https://dic.nicovideo.jp/a/%E5%96%9C%E5%A4%9A%E9%81%93%E6%9E%9D
京田尚子,https://dic.nicovideo.jp/a/%E4%BA%AC%E7%94%B0%E5%B0%9A%E5%AD%90
里見京子,https://dic.nicovideo.jp/a/%E9%87%8C%E8%A6%8B%E4%BA%AC%E5%AD%90
武藤礼子,https://dic.nicovideo.jp/a/%E6%AD%A6%E8%97%A4%E7%A4%BC%E5%AD%90
大山のぶ代,https://dic.nicovideo.jp/a/%E5%A4%A7%E5%B1%B1%E3%81%AE%E3%81%B6%E4%BB%A3
引退,https://dic.nicovideo.jp/a/%E5%BC%95%E9%80%80
黒柳徹子,https://dic.nicovideo.jp/a/%E9%BB%92%E6%9F%B3%E5%BE%B9%E5%AD%90
瀬能礼子,https://dic.nicovideo.jp/a/%E7%80%AC%E8%83%BD%E7%A4%BC%E5%AD%90
太田淑子,https://dic.nicovideo.jp/a/%E5%A4%AA%E7%94%B0%E6%B7%91%E5%AD%90
前田敏子,https://dic.nicovideo.jp/a/%E5%89%8D%E7%94%B0%E6%95%8F%E5%AD%90
来宮良子,https://dic.nicovideo.jp/a/%E6%9D%A5%E5%AE%AE%E8%89%AF%E5%AD%90
岸田今日子,https://dic.nicovideo.jp/a/%E5%B2%B8%E7%94%B0%E4%BB%8A%E6%97%A5%E5%AD%90
中西妙子,https://dic.nicovideo.jp/a/%E4%B8%AD%E8%A5%BF%E5%A6%99%E5%AD%90
新道乃里子,https://dic.nicovideo.jp/a/%E6%96%B0%E9%81%93%E4%B9%83%E9%87%8C%E5%AD%90
水城蘭子,https://dic.nicovideo.jp/a/%E6%B0%B4%E5%9F%8E%E8%98%AD%E5%AD%90
高橋和枝,https://dic.nicovideo.jp/a/%E9%AB%98%E6%A9%8B%E5%92%8C%E6%9E%9D
初井言榮,https://dic.nicovideo.jp/a/%E5%88%9D%E4%BA%95%E8%A8%80%E6%A6%AE
麻生美代子,https://dic.nicovideo.jp/a/%E9%BA%BB%E7%94%9F%E7%BE%8E%E4%BB%A3%E5%AD%90
藍川千尋,https://dic.nicovideo.jp/a/%E8%97%8D%E5%B7%9D%E5%8D%83%E5%B0%8B
阿部里果,https://dic.nicovideo.jp/a/%E9%98%BF%E9%83%A8%E9%87%8C%E6%9E%9C
天城サリー,https://dic.nicovideo.jp/a/%E5%A4%A9%E5%9F%8E%E3%82%B5%E3%83%AA%E3%83%BC
天野聡美,https://dic.nicovideo.jp/a/%E5%A4%A9%E9%87%8E%E8%81%A1%E7%BE%8E
石橋美佳,https://dic.nicovideo.jp/a/%E7%9F%B3%E6%A9%8B%E7%BE%8E%E4%BD%B3
和泉風花,https://dic.nicovideo.jp/a/%E5%92%8C%E6%B3%89%E9%A2%A8%E8%8A%B1
伊月ゆい,https://dic.nicovideo.jp/a/%E4%BC%8A%E6%9C%88%E3%82%86%E3%81%84
猪砂和世,https://dic.nicovideo.jp/a/%E7%8C%AA%E7%A0%82%E5%92%8C%E4%B8%96
岩井映美里,https://dic.nicovideo.jp/a/%E5%B2%A9%E4%BA%95%E6%98%A0%E7%BE%8E%E9%87%8C
上田瞳,https://dic.nicovideo.jp/a/%E4%B8%8A%E7%94%B0%E7%9E%B3
内田秀,https://dic.nicovideo.jp/a/%E5%86%85%E7%94%B0%E7%A7%80
上原あかり,https://dic.nicovideo.jp/a/%E4%B8%8A%E5%8E%9F%E3%81%82%E3%81%8B%E3%82%8A
内村史子,https://dic.nicovideo.jp/a/%E5%86%85%E6%9D%91%E5%8F%B2%E5%AD%90
宇和川恵美,https://dic.nicovideo.jp/a/%E5%AE%87%E5%92%8C%E5%B7%9D%E6%81%B5%E7%BE%8E
大室佳奈,https://dic.nicovideo.jp/a/%E5%A4%A7%E5%AE%A4%E4%BD%B3%E5%A5%88
小笠原早紀,https://dic.nicovideo.jp/a/%E5%B0%8F%E7%AC%A0%E5%8E%9F%E6%97%A9%E7%B4%80
小川時代,https://dic.nicovideo.jp/a/%E5%B0%8F%E5%B7%9D%E6%99%82%E4%BB%A3
岡嶋妙,https://dic.nicovideo.jp/a/%E5%B2%A1%E5%B6%8B%E5%A6%99
甲斐田ゆき,https://dic.nicovideo.jp/a/%E7%94%B2%E6%96%90%E7%94%B0%E3%82%86%E3%81%8D
海保えりか,https://dic.nicovideo.jp/a/%E6%B5%B7%E4%BF%9D%E3%81%88%E3%82%8A%E3%81%8B
柿沢美貴,https://dic.nicovideo.jp/a/%E6%9F%BF%E6%B2%A2%E7%BE%8E%E8%B2%B4
梶田夕貴,https://dic.nicovideo.jp/a/%E6%A2%B6%E7%94%B0%E5%A4%95%E8%B2%B4
加瀬愛奈,https://dic.nicovideo.jp/a/%E5%8A%A0%E7%80%AC%E6%84%9B%E5%A5%88
加藤有希子,https://dic.nicovideo.jp/a/%E5%8A%A0%E8%97%A4%E6%9C%89%E5%B8%8C%E5%AD%90
金子彩花,https://dic.nicovideo.jp/a/%E9%87%91%E5%AD%90%E5%BD%A9%E8%8A%B1
金子真由美,https://dic.nicovideo.jp/a/%E9%87%91%E5%AD%90%E7%9C%9F%E7%94%B1%E7%BE%8E
金田美穂,https://dic.nicovideo.jp/a/%E9%87%91%E7%94%B0%E7%BE%8E%E7%A9%82
金松由花,https://dic.nicovideo.jp/a/%E9%87%91%E6%9D%BE%E7%94%B1%E8%8A%B1
狩野茉莉,https://dic.nicovideo.jp/a/%E7%8B%A9%E9%87%8E%E8%8C%89%E8%8E%89
郁原ゆう,https://dic.nicovideo.jp/a/%E9%83%81%E5%8E%9F%E3%82%86%E3%81%86
嘉山未紗,https://dic.nicovideo.jp/a/%E5%98%89%E5%B1%B1%E6%9C%AA%E7%B4%97
川上千尋,https://dic.nicovideo.jp/a/%E5%B7%9D%E4%B8%8A%E5%8D%83%E5%B0%8B
川口雅代,https://dic.nicovideo.jp/a/%E5%B7%9D%E5%8F%A3%E9%9B%85%E4%BB%A3
川庄美雪,https://dic.nicovideo.jp/a/%E5%B7%9D%E5%BA%84%E7%BE%8E%E9%9B%AA
川西ゆうこ,https://dic.nicovideo.jp/a/%E5%B7%9D%E8%A5%BF%E3%82%86%E3%81%86%E3%81%93
桐谷蝶々,https://dic.nicovideo.jp/a/%E6%A1%90%E8%B0%B7%E8%9D%B6%E3%80%85
久保田恵,https://dic.nicovideo.jp/a/%E4%B9%85%E4%BF%9D%E7%94%B0%E6%81%B5
黒瀬ゆうこ,https://dic.nicovideo.jp/a/%E9%BB%92%E7%80%AC%E3%82%86%E3%81%86%E3%81%93
慶長佑香,https://dic.nicovideo.jp/a/%E6%85%B6%E9%95%B7%E4%BD%91%E9%A6%99
合田絵利,https://dic.nicovideo.jp/a/%E5%90%88%E7%94%B0%E7%B5%B5%E5%88%A9
古城門志帆,https://dic.nicovideo.jp/a/%E5%8F%A4%E5%9F%8E%E9%96%80%E5%BF%97%E5%B8%86
小堀幸,https://dic.nicovideo.jp/a/%E5%B0%8F%E5%A0%80%E5%B9%B8
小松真奈,https://dic.nicovideo.jp/a/%E5%B0%8F%E6%9D%BE%E7%9C%9F%E5%A5%88
斉藤亜紀子,https://dic.nicovideo.jp/a/%E6%96%89%E8%97%A4%E4%BA%9C%E7%B4%80%E5%AD%90
阪田佳代,https://dic.nicovideo.jp/a/%E9%98%AA%E7%94%B0%E4%BD%B3%E4%BB%A3
向山佳比子,https://dic.nicovideo.jp/a/%E5%90%91%E5%B1%B1%E4%BD%B3%E6%AF%94%E5%AD%90
佐倉薫,https://dic.nicovideo.jp/a/%E4%BD%90%E5%80%89%E8%96%AB
佐々木日菜子,https://dic.nicovideo.jp/a/%E4%BD%90%E3%80%85%E6%9C%A8%E6%97%A5%E8%8F%9C%E5%AD%90
佐藤あずさ,https://dic.nicovideo.jp/a/%E4%BD%90%E8%97%A4%E3%81%82%E3%81%9A%E3%81%95
塩山由佳,https://dic.nicovideo.jp/a/%E5%A1%A9%E5%B1%B1%E7%94%B1%E4%BD%B3
志崎樺音,https://dic.nicovideo.jp/a/%E5%BF%97%E5%B4%8E%E6%A8%BA%E9%9F%B3
志田有彩,https://dic.nicovideo.jp/a/%E5%BF%97%E7%94%B0%E6%9C%89%E5%BD%A9
芝崎典子,https://dic.nicovideo.jp/a/%E8%8A%9D%E5%B4%8E%E5%85%B8%E5%AD%90
白城なお,https://dic.nicovideo.jp/a/%E7%99%BD%E5%9F%8E%E3%81%AA%E3%81%8A
菅沼千紗,https://dic.nicovideo.jp/a/%E8%8F%85%E6%B2%BC%E5%8D%83%E7%B4%97
鈴木亜理沙,https://dic.nicovideo.jp/a/%E9%88%B4%E6%9C%A8%E4%BA%9C%E7%90%86%E6%B2%99
すずきけいこ,https://dic.nicovideo.jp/a/%E3%81%99%E3%81%9A%E3%81%8D%E3%81%91%E3%81%84%E3%81%93
須藤沙織,https://dic.nicovideo.jp/a/%E9%A0%88%E8%97%A4%E6%B2%99%E7%B9%94
関根明良,https://dic.nicovideo.jp/a/%E9%96%A2%E6%A0%B9%E6%98%8E%E8%89%AF
空見ゆき,https://dic.nicovideo.jp/a/%E7%A9%BA%E8%A6%8B%E3%82%86%E3%81%8D
高木友梨香,https://dic.nicovideo.jp/a/%E9%AB%98%E6%9C%A8%E5%8F%8B%E6%A2%A8%E9%A6%99
田上和枝,https://dic.nicovideo.jp/a/%E7%94%B0%E4%B8%8A%E5%92%8C%E6%9E%9D
引退,https://dic.nicovideo.jp/a/%E5%BC%95%E9%80%80
竹尾歩美,https://dic.nicovideo.jp/a/%E7%AB%B9%E5%B0%BE%E6%AD%A9%E7%BE%8E
引退,https://dic.nicovideo.jp/a/%E5%BC%95%E9%80%80
武田羅梨沙多胡,https://dic.nicovideo.jp/a/%E6%AD%A6%E7%94%B0%E7%BE%85%E6%A2%A8%E6%B2%99%E5%A4%9A%E8%83%A1
田澤茉純,https://dic.nicovideo.jp/a/%E7%94%B0%E6%BE%A4%E8%8C%89%E7%B4%94
田嶌紗蘭,https://dic.nicovideo.jp/a/%E7%94%B0%E5%B6%8C%E7%B4%97%E8%98%AD
谷邊由美,https://dic.nicovideo.jp/a/%E8%B0%B7%E9%82%8A%E7%94%B1%E7%BE%8E
種崎敦美,https://dic.nicovideo.jp/a/%E7%A8%AE%E5%B4%8E%E6%95%A6%E7%BE%8E
たみやすともえ,https://dic.nicovideo.jp/a/%E3%81%9F%E3%81%BF%E3%82%84%E3%81%99%E3%81%A8%E3%82%82%E3%81%88
冨樫かずみ,https://dic.nicovideo.jp/a/%E5%86%A8%E6%A8%AB%E3%81%8B%E3%81%9A%E3%81%BF
戸塚利絵,https://dic.nicovideo.jp/a/%E6%88%B8%E5%A1%9A%E5%88%A9%E7%B5%B5
永井真里子,https://dic.nicovideo.jp/a/%E6%B0%B8%E4%BA%95%E7%9C%9F%E9%87%8C%E5%AD%90
中恵光城,https://dic.nicovideo.jp/a/%E4%B8%AD%E6%81%B5%E5%85%89%E5%9F%8E
中澤ミナ,https://dic.nicovideo.jp/a/%E4%B8%AD%E6%BE%A4%E3%83%9F%E3%83%8A
中島千里,https://dic.nicovideo.jp/a/%E4%B8%AD%E5%B3%B6%E5%8D%83%E9%87%8C
中村桜,https://dic.nicovideo.jp/a/%E4%B8%AD%E6%9D%91%E6%A1%9C
西墻由香,https://dic.nicovideo.jp/a/%E8%A5%BF%E5%A2%BB%E7%94%B1%E9%A6%99
西原さおり,https://dic.nicovideo.jp/a/%E8%A5%BF%E5%8E%9F%E3%81%95%E3%81%8A%E3%82%8A
長谷川明子,https://dic.nicovideo.jp/a/%E9%95%B7%E8%B0%B7%E5%B7%9D%E6%98%8E%E5%AD%90
長谷川育美,https://dic.nicovideo.jp/a/%E9%95%B7%E8%B0%B7%E5%B7%9D%E8%82%B2%E7%BE%8E
幡宮かのこ,https://dic.nicovideo.jp/a/%E5%B9%A1%E5%AE%AE%E3%81%8B%E3%81%AE%E3%81%93
浜崎奈々,https://dic.nicovideo.jp/a/%E6%B5%9C%E5%B4%8E%E5%A5%88%E3%80%85
早坂梢,https://dic.nicovideo.jp/a/%E6%97%A9%E5%9D%82%E6%A2%A2
引坂理絵,https://dic.nicovideo.jp/a/%E5%BC%95%E5%9D%82%E7%90%86%E7%B5%B5
日野まり,https://dic.nicovideo.jp/a/%E6%97%A5%E9%87%8E%E3%81%BE%E3%82%8A
平井理子,https://dic.nicovideo.jp/a/%E5%B9%B3%E4%BA%95%E7%90%86%E5%AD%90
平尾明香,https://dic.nicovideo.jp/a/%E5%B9%B3%E5%B0%BE%E6%98%8E%E9%A6%99
平山笑美,https://dic.nicovideo.jp/a/%E5%B9%B3%E5%B1%B1%E7%AC%91%E7%BE%8E
深田愛衣,https://dic.nicovideo.jp/a/%E6%B7%B1%E7%94%B0%E6%84%9B%E8%A1%A3
深水由美,https://dic.nicovideo.jp/a/%E6%B7%B1%E6%B0%B4%E7%94%B1%E7%BE%8E
藤井アユ美,https://dic.nicovideo.jp/a/%E8%97%A4%E4%BA%95%E3%82%A2%E3%83%A6%E7%BE%8E
藤井美波,https://dic.nicovideo.jp/a/%E8%97%A4%E4%BA%95%E7%BE%8E%E6%B3%A2
藤本彩花,https://dic.nicovideo.jp/a/%E8%97%A4%E6%9C%AC%E5%BD%A9%E8%8A%B1
伏見はる香,https://dic.nicovideo.jp/a/%E4%BC%8F%E8%A6%8B%E3%81%AF%E3%82%8B%E9%A6%99
古川由利奈,https://dic.nicovideo.jp/a/%E5%8F%A4%E5%B7%9D%E7%94%B1%E5%88%A9%E5%A5%88
星谷美緒,https://dic.nicovideo.jp/a/%E6%98%9F%E8%B0%B7%E7%BE%8E%E7%B7%92
ほりえかおり,https://dic.nicovideo.jp/a/%E3%81%BB%E3%82%8A%E3%81%88%E3%81%8B%E3%81%8A%E3%82%8A
堀川千華,https://dic.nicovideo.jp/a/%E5%A0%80%E5%B7%9D%E5%8D%83%E8%8F%AF
堀中優希,https://dic.nicovideo.jp/a/%E5%A0%80%E4%B8%AD%E5%84%AA%E5%B8%8C
本間ゆかり,https://dic.nicovideo.jp/a/%E6%9C%AC%E9%96%93%E3%82%86%E3%81%8B%E3%82%8A
前川涼子,https://dic.nicovideo.jp/a/%E5%89%8D%E5%B7%9D%E6%B6%BC%E5%AD%90
前田このみ,https://dic.nicovideo.jp/a/%E5%89%8D%E7%94%B0%E3%81%93%E3%81%AE%E3%81%BF
牧ちひろ,https://dic.nicovideo.jp/a/%E7%89%A7%E3%81%A1%E3%81%B2%E3%82%8D
真木ナオ,https://dic.nicovideo.jp/a/%E7%9C%9F%E6%9C%A8%E3%83%8A%E3%82%AA
御沓優子,https://dic.nicovideo.jp/a/%E5%BE%A1%E6%B2%93%E5%84%AA%E5%AD%90
味里,https://dic.nicovideo.jp/a/%E5%91%B3%E9%87%8C
水谷麻鈴,https://dic.nicovideo.jp/a/%E6%B0%B4%E8%B0%B7%E9%BA%BB%E9%88%B4
水原薫,https://dic.nicovideo.jp/a/%E6%B0%B4%E5%8E%9F%E8%96%AB
麦穂あんな,https://dic.nicovideo.jp/a/%E9%BA%A6%E7%A9%82%E3%81%82%E3%82%93%E3%81%AA
村上まなつ,https://dic.nicovideo.jp/a/%E6%9D%91%E4%B8%8A%E3%81%BE%E3%81%AA%E3%81%A4
元吉有希子,https://dic.nicovideo.jp/a/%E5%85%83%E5%90%89%E6%9C%89%E5%B8%8C%E5%AD%90
桃河りか,https://dic.nicovideo.jp/a/%E6%A1%83%E6%B2%B3%E3%82%8A%E3%81%8B
森下来奈,https://dic.nicovideo.jp/a/%E6%A3%AE%E4%B8%8B%E6%9D%A5%E5%A5%88
森永千才,https://dic.nicovideo.jp/a/%E6%A3%AE%E6%B0%B8%E5%8D%83%E6%89%8D
矢口アサミ,https://dic.nicovideo.jp/a/%E7%9F%A2%E5%8F%A3%E3%82%A2%E3%82%B5%E3%83%9F
安田未央,https://dic.nicovideo.jp/a/%E5%AE%89%E7%94%B0%E6%9C%AA%E5%A4%AE
山岡ゆり,https://dic.nicovideo.jp/a/%E5%B1%B1%E5%B2%A1%E3%82%86%E3%82%8A
山根綺,https://dic.nicovideo.jp/a/%E5%B1%B1%E6%A0%B9%E7%B6%BA
八巻アンナ,https://dic.nicovideo.jp/a/%E5%85%AB%E5%B7%BB%E3%82%A2%E3%83%B3%E3%83%8A
湯浅かえで,https://dic.nicovideo.jp/a/%E6%B9%AF%E6%B5%85%E3%81%8B%E3%81%88%E3%81%A7
結下みちる,https://dic.nicovideo.jp/a/%E7%B5%90%E4%B8%8B%E3%81%BF%E3%81%A1%E3%82%8B
行成とあ,https://dic.nicovideo.jp/a/%E8%A1%8C%E6%88%90%E3%81%A8%E3%81%82
柚原有里,https://dic.nicovideo.jp/a/%E6%9F%9A%E5%8E%9F%E6%9C%89%E9%87%8C
弓雅枝,https://dic.nicovideo.jp/a/%E5%BC%93%E9%9B%85%E6%9E%9D
力丸乃りこ,https://dic.nicovideo.jp/a/%E5%8A%9B%E4%B8%B8%E4%B9%83%E3%82%8A%E3%81%93
和多田美咲,https://dic.nicovideo.jp/a/%E5%92%8C%E5%A4%9A%E7%94%B0%E7%BE%8E%E5%92%B2
